text,label
Sunumu güncelleyip göndereceğim.,ham
Haftalık raporu haftaya ileteceğim.,ham
Toplantı notlarını paylaşıyorum.,ham
Bugünkü ders ertelenmiştir.,ham
Toplantı notlarını paylaşıyorum.,ham
Konuyla ilgili bilgilendirme yapıldı.,ham
Toplantı notlarını paylaşıyorum.,ham
Projeyle ilgili onayını bekliyorum.,ham
Toplantı pazartesi tarihinde yapılacaktır.,ham
Toplantı notlarını paylaşıyorum.,ham
Haftalık raporu bugün ileteceğim.,ham
"Maili aldım, teşekkür ederim.",ham
Yarın haftaya için randevu aldım.,ham
Sunumu güncelleyip göndereceğim.,ham
Sunumu güncelleyip göndereceğim.,ham
Projeyle ilgili geri dönüşünü bekliyorum.,ham
Bugünkü ders iptal edilmiştir.,ham
Dosyayı ek olarak gönderiyorum.,ham
Haftalık raporu haftaya ileteceğim.,ham
Dosyayı ek olarak gönderiyorum.,ham
Toplantı pazartesi tarihinde yapılacaktır.,ham
Yarın bugün için randevu aldım.,ham
Dosyayı ek olarak gönderiyorum.,ham
Haftalık raporu bugün ileteceğim.,ham
Haftalık raporu pazartesi ileteceğim.,ham
Bugünkü ders ertelenmiştir.,ham
Projeyle ilgili cevabını bekliyorum.,ham
Konuyla ilgili bilgilendirme yapıldı.,ham
Konuyla ilgili bilgilendirme yapıldı.,ham
Yarın pazartesi için randevu aldım.,ham
Toplantı pazartesi tarihinde yapılacaktır.,ham
Yarın salı için randevu aldım.,ham
Toplantı notlarını paylaşıyorum.,ham
Yarın pazartesi için randevu aldım.,ham
Toplantı pazartesi tarihinde yapılacaktır.,ham
Konuyla ilgili bilgilendirme yapıldı.,ham
Dosyayı ek olarak gönderiyorum.,ham
Konuyla ilgili bilgilendirme yapıldı.,ham
Yarın haftaya için randevu aldım.,ham
Toplantı salı tarihinde yapılacaktır.,ham
Projeyle ilgili cevabını bekliyorum.,ham
Yarın haftaya için randevu aldım.,ham
Yarın salı için randevu aldım.,ham
Projeyle ilgili onayını bekliyorum.,ham
Haftalık raporu haftaya ileteceğim.,ham
Yarın bugün için randevu aldım.,ham
Haftalık raporu yarın ileteceğim.,ham
Toplantı notlarını paylaşıyorum.,ham
"Maili aldım, teşekkür ederim.",ham
"Maili aldım, teşekkür ederim.",ham
Toplantı pazartesi tarihinde yapılacaktır.,ham
Projeyle ilgili geri dönüşünü bekliyorum.,ham
Yarın pazartesi için randevu aldım.,ham
Sunumu güncelleyip göndereceğim.,ham
Konuyla ilgili bilgilendirme yapıldı.,ham
Toplantı notlarını paylaşıyorum.,ham
Toplantı pazartesi tarihinde yapılacaktır.,ham
Haftalık raporu haftaya ileteceğim.,ham
Bugünkü ders iptal edilmiştir.,ham
Toplantı notlarını paylaşıyorum.,ham
Sunumu güncelleyip göndereceğim.,ham
Toplantı notlarını paylaşıyorum.,ham
Projeyle ilgili geri dönüşünü bekliyorum.,ham
Projeyle ilgili cevabını bekliyorum.,ham
Toplantı pazartesi tarihinde yapılacaktır.,ham
Dosyayı ek olarak gönderiyorum.,ham
Toplantı haftaya tarihinde yapılacaktır.,ham
Haftalık raporu yarın ileteceğim.,ham
"Maili aldım, teşekkür ederim.",ham
"Maili aldım, teşekkür ederim.",ham
Toplantı notlarını paylaşıyorum.,ham
Toplantı haftaya tarihinde yapılacaktır.,ham
Toplantı notlarını paylaşıyorum.,ham
Yarın bugün için randevu aldım.,ham
Toplantı yarın tarihinde yapılacaktır.,ham
Sunumu güncelleyip göndereceğim.,ham
"Maili aldım, teşekkür ederim.",ham
Projeyle ilgili cevabını bekliyorum.,ham
Dosyayı ek olarak gönderiyorum.,ham
Konuyla ilgili bilgilendirme yapıldı.,ham
Bugünkü ders iptal edilmiştir.,ham
Bugünkü ders iptal edilmiştir.,ham
Toplantı notlarını paylaşıyorum.,ham
Bugünkü ders ertelenmiştir.,ham
Haftalık raporu yarın ileteceğim.,ham
Haftalık raporu salı ileteceğim.,ham
Haftalık raporu salı ileteceğim.,ham
Dosyayı ek olarak gönderiyorum.,ham
Toplantı haftaya tarihinde yapılacaktır.,ham
Bugünkü ders ertelenmiştir.,ham
Dosyayı ek olarak gönderiyorum.,ham
"Maili aldım, teşekkür ederim.",ham
Projeyle ilgili geri dönüşünü bekliyorum.,ham
Sunumu güncelleyip göndereceğim.,ham
Haftalık raporu yarın ileteceğim.,ham
"Maili aldım, teşekkür ederim.",ham
Sunumu güncelleyip göndereceğim.,ham
Toplantı yarın tarihinde yapılacaktır.,ham
Bugünkü ders ertelenmiştir.,ham
Bugünkü ders yapılacaktır.,ham
Projeyle ilgili onayını bekliyorum.,ham
Dosyayı ek olarak gönderiyorum.,ham
Haftalık raporu bugün ileteceğim.,ham
Toplantı notlarını paylaşıyorum.,ham
Yarın haftaya için randevu aldım.,ham
Dosyayı ek olarak gönderiyorum.,ham
Dosyayı ek olarak gönderiyorum.,ham
Toplantı yarın tarihinde yapılacaktır.,ham
Toplantı notlarını paylaşıyorum.,ham
"Maili aldım, teşekkür ederim.",ham
Haftalık raporu yarın ileteceğim.,ham
"Maili aldım, teşekkür ederim.",ham
Dosyayı ek olarak gönderiyorum.,ham
Haftalık raporu yarın ileteceğim.,ham
Dosyayı ek olarak gönderiyorum.,ham
"Maili aldım, teşekkür ederim.",ham
Toplantı notlarını paylaşıyorum.,ham
Dosyayı ek olarak gönderiyorum.,ham
Toplantı bugün tarihinde yapılacaktır.,ham
Bugünkü ders ertelenmiştir.,ham
Dosyayı ek olarak gönderiyorum.,ham
Toplantı notlarını paylaşıyorum.,ham
Yarın bugün için randevu aldım.,ham
Bugünkü ders yapılacaktır.,ham
"Maili aldım, teşekkür ederim.",ham
Dosyayı ek olarak gönderiyorum.,ham
Toplantı yarın tarihinde yapılacaktır.,ham
Haftalık raporu bugün ileteceğim.,ham
"Maili aldım, teşekkür ederim.",ham
Yarın salı için randevu aldım.,ham
Toplantı pazartesi tarihinde yapılacaktır.,ham
Toplantı yarın tarihinde yapılacaktır.,ham
Konuyla ilgili bilgilendirme yapıldı.,ham
"Maili aldım, teşekkür ederim.",ham
Toplantı notlarını paylaşıyorum.,ham
Haftalık raporu yarın ileteceğim.,ham
Sunumu güncelleyip göndereceğim.,ham
Projeyle ilgili geri dönüşünü bekliyorum.,ham
Sunumu güncelleyip göndereceğim.,ham
Haftalık raporu haftaya ileteceğim.,ham
Konuyla ilgili bilgilendirme yapıldı.,ham
Konuyla ilgili bilgilendirme yapıldı.,ham
Toplantı bugün tarihinde yapılacaktır.,ham
Sunumu güncelleyip göndereceğim.,ham
"Maili aldım, teşekkür ederim.",ham
Dosyayı ek olarak gönderiyorum.,ham
Bugünkü ders yapılacaktır.,ham
Yarın yarın için randevu aldım.,ham
Haftalık raporu haftaya ileteceğim.,ham
Toplantı notlarını paylaşıyorum.,ham
Projeyle ilgili geri dönüşünü bekliyorum.,ham
Yarın pazartesi için randevu aldım.,ham
Projeyle ilgili onayını bekliyorum.,ham
Toplantı bugün tarihinde yapılacaktır.,ham
Bugünkü ders ertelenmiştir.,ham
Haftalık raporu haftaya ileteceğim.,ham
Yarın yarın için randevu aldım.,ham
Haftalık raporu haftaya ileteceğim.,ham
Toplantı notlarını paylaşıyorum.,ham
Konuyla ilgili bilgilendirme yapıldı.,ham
Projeyle ilgili cevabını bekliyorum.,ham
Sunumu güncelleyip göndereceğim.,ham
Toplantı haftaya tarihinde yapılacaktır.,ham
Projeyle ilgili geri dönüşünü bekliyorum.,ham
Sunumu güncelleyip göndereceğim.,ham
Toplantı notlarını paylaşıyorum.,ham
Toplantı bugün tarihinde yapılacaktır.,ham
Toplantı notlarını paylaşıyorum.,ham
Sunumu güncelleyip göndereceğim.,ham
Projeyle ilgili geri dönüşünü bekliyorum.,ham
Haftalık raporu haftaya ileteceğim.,ham
Projeyle ilgili geri dönüşünü bekliyorum.,ham
Haftalık raporu bugün ileteceğim.,ham
Yarın pazartesi için randevu aldım.,ham
Toplantı haftaya tarihinde yapılacaktır.,ham
Dosyayı ek olarak gönderiyorum.,ham
Projeyle ilgili geri dönüşünü bekliyorum.,ham
Projeyle ilgili geri dönüşünü bekliyorum.,ham
Yarın yarın için randevu aldım.,ham
Bugünkü ders ertelenmiştir.,ham
Dosyayı ek olarak gönderiyorum.,ham
Toplantı notlarını paylaşıyorum.,ham
Sunumu güncelleyip göndereceğim.,ham
Bugünkü ders ertelenmiştir.,ham
Bugünkü ders yapılacaktır.,ham
Toplantı notlarını paylaşıyorum.,ham
Toplantı bugün tarihinde yapılacaktır.,ham
Toplantı bugün tarihinde yapılacaktır.,ham
Dosyayı ek olarak gönderiyorum.,ham
Bugünkü ders iptal edilmiştir.,ham
Yarın salı için randevu aldım.,ham
Dosyayı ek olarak gönderiyorum.,ham
"Maili aldım, teşekkür ederim.",ham
Bugünkü ders iptal edilmiştir.,ham
Toplantı notlarını paylaşıyorum.,ham
Toplantı notlarını paylaşıyorum.,ham
Dosyayı ek olarak gönderiyorum.,ham
"Maili aldım, teşekkür ederim.",ham
Bugünkü ders iptal edilmiştir.,ham
Toplantı notlarını paylaşıyorum.,ham
Projeyle ilgili cevabını bekliyorum.,ham
Dosyayı ek olarak gönderiyorum.,ham
"Maili aldım, teşekkür ederim.",ham
Projeyle ilgili geri dönüşünü bekliyorum.,ham
Yarın salı için randevu aldım.,ham
Toplantı notlarını paylaşıyorum.,ham
Toplantı salı tarihinde yapılacaktır.,ham
Toplantı notlarını paylaşıyorum.,ham
Yarın yarın için randevu aldım.,ham
Toplantı notlarını paylaşıyorum.,ham
"Maili aldım, teşekkür ederim.",ham
Yarın pazartesi için randevu aldım.,ham
Yarın bugün için randevu aldım.,ham
Konuyla ilgili bilgilendirme yapıldı.,ham
"Maili aldım, teşekkür ederim.",ham
Toplantı salı tarihinde yapılacaktır.,ham
Projeyle ilgili cevabını bekliyorum.,ham
Toplantı notlarını paylaşıyorum.,ham
Yarın haftaya için randevu aldım.,ham
Konuyla ilgili bilgilendirme yapıldı.,ham
Yarın yarın için randevu aldım.,ham
Toplantı yarın tarihinde yapılacaktır.,ham
Sunumu güncelleyip göndereceğim.,ham
Toplantı salı tarihinde yapılacaktır.,ham
Yarın salı için randevu aldım.,ham
Yarın yarın için randevu aldım.,ham
Konuyla ilgili bilgilendirme yapıldı.,ham
Haftalık raporu pazartesi ileteceğim.,ham
"Maili aldım, teşekkür ederim.",ham
"Maili aldım, teşekkür ederim.",ham
Yarın salı için randevu aldım.,ham
Projeyle ilgili geri dönüşünü bekliyorum.,ham
"Maili aldım, teşekkür ederim.",ham
Projeyle ilgili cevabını bekliyorum.,ham
Konuyla ilgili bilgilendirme yapıldı.,ham
Projeyle ilgili onayını bekliyorum.,ham
Yarın salı için randevu aldım.,ham
Bugünkü ders ertelenmiştir.,ham
Toplantı notlarını paylaşıyorum.,ham
Konuyla ilgili bilgilendirme yapıldı.,ham
Projeyle ilgili cevabını bekliyorum.,ham
Sunumu güncelleyip göndereceğim.,ham
Sunumu güncelleyip göndereceğim.,ham
Haftalık raporu pazartesi ileteceğim.,ham
Bugünkü ders yapılacaktır.,ham
Bugünkü ders yapılacaktır.,ham
Sunumu güncelleyip göndereceğim.,ham
Projeyle ilgili geri dönüşünü bekliyorum.,ham
Toplantı haftaya tarihinde yapılacaktır.,ham
Konuyla ilgili bilgilendirme yapıldı.,ham
Toplantı yarın tarihinde yapılacaktır.,ham
Konuyla ilgili bilgilendirme yapıldı.,ham
Haftalık raporu pazartesi ileteceğim.,ham
Dosyayı ek olarak gönderiyorum.,ham
Dosyayı ek olarak gönderiyorum.,ham
Yarın bugün için randevu aldım.,ham
Yarın bugün için randevu aldım.,ham
Bugünkü ders ertelenmiştir.,ham
Haftalık raporu pazartesi ileteceğim.,ham
Toplantı haftaya tarihinde yapılacaktır.,ham
Bugünkü ders iptal edilmiştir.,ham
Toplantı pazartesi tarihinde yapılacaktır.,ham
Yarın salı için randevu aldım.,ham
Projeyle ilgili onayını bekliyorum.,ham
Bugünkü ders iptal edilmiştir.,ham
Projeyle ilgili cevabını bekliyorum.,ham
Projeyle ilgili onayını bekliyorum.,ham
Bugünkü ders yapılacaktır.,ham
Toplantı pazartesi tarihinde yapılacaktır.,ham
Konuyla ilgili bilgilendirme yapıldı.,ham
Projeyle ilgili geri dönüşünü bekliyorum.,ham
"Maili aldım, teşekkür ederim.",ham
Projeyle ilgili onayını bekliyorum.,ham
Sunumu güncelleyip göndereceğim.,ham
Toplantı notlarını paylaşıyorum.,ham
Yarın salı için randevu aldım.,ham
Toplantı yarın tarihinde yapılacaktır.,ham
Bugünkü ders iptal edilmiştir.,ham
"Maili aldım, teşekkür ederim.",ham
Dosyayı ek olarak gönderiyorum.,ham
Sunumu güncelleyip göndereceğim.,ham
Yarın pazartesi için randevu aldım.,ham
Sunumu güncelleyip göndereceğim.,ham
Sunumu güncelleyip göndereceğim.,ham
Konuyla ilgili bilgilendirme yapıldı.,ham
Bugünkü ders iptal edilmiştir.,ham
Toplantı notlarını paylaşıyorum.,ham
Haftalık raporu yarın ileteceğim.,ham
Toplantı notlarını paylaşıyorum.,ham
Yarın salı için randevu aldım.,ham
Projeyle ilgili geri dönüşünü bekliyorum.,ham
Projeyle ilgili cevabını bekliyorum.,ham
Sunumu güncelleyip göndereceğim.,ham
Projeyle ilgili geri dönüşünü bekliyorum.,ham
Sunumu güncelleyip göndereceğim.,ham
Bugünkü ders ertelenmiştir.,ham
"Maili aldım, teşekkür ederim.",ham
Toplantı haftaya tarihinde yapılacaktır.,ham
Sunumu güncelleyip göndereceğim.,ham
Konuyla ilgili bilgilendirme yapıldı.,ham
Yarın yarın için randevu aldım.,ham
Projeyle ilgili geri dönüşünü bekliyorum.,ham
Sunumu güncelleyip göndereceğim.,ham
Yarın salı için randevu aldım.,ham
Dosyayı ek olarak gönderiyorum.,ham
Yarın salı için randevu aldım.,ham
Toplantı bugün tarihinde yapılacaktır.,ham
Projeyle ilgili cevabını bekliyorum.,ham
Sunumu güncelleyip göndereceğim.,ham
Projeyle ilgili geri dönüşünü bekliyorum.,ham
Konuyla ilgili bilgilendirme yapıldı.,ham
"Maili aldım, teşekkür ederim.",ham
Toplantı pazartesi tarihinde yapılacaktır.,ham
Toplantı notlarını paylaşıyorum.,ham
Yarın pazartesi için randevu aldım.,ham
Projeyle ilgili onayını bekliyorum.,ham
Konuyla ilgili bilgilendirme yapıldı.,ham
Dosyayı ek olarak gönderiyorum.,ham
Dosyayı ek olarak gönderiyorum.,ham
Haftalık raporu yarın ileteceğim.,ham
"Maili aldım, teşekkür ederim.",ham
Projeyle ilgili geri dönüşünü bekliyorum.,ham
Toplantı notlarını paylaşıyorum.,ham
Toplantı notlarını paylaşıyorum.,ham
Bugünkü ders yapılacaktır.,ham
Yarın yarın için randevu aldım.,ham
Bugünkü ders iptal edilmiştir.,ham
Yarın pazartesi için randevu aldım.,ham
Toplantı pazartesi tarihinde yapılacaktır.,ham
Toplantı notlarını paylaşıyorum.,ham
"Maili aldım, teşekkür ederim.",ham
Projeyle ilgili geri dönüşünü bekliyorum.,ham
Dosyayı ek olarak gönderiyorum.,ham
Dosyayı ek olarak gönderiyorum.,ham
Bugünkü ders ertelenmiştir.,ham
Bugünkü ders iptal edilmiştir.,ham
Bugünkü ders iptal edilmiştir.,ham
Yarın haftaya için randevu aldım.,ham
Toplantı yarın tarihinde yapılacaktır.,ham
Dosyayı ek olarak gönderiyorum.,ham
Projeyle ilgili cevabını bekliyorum.,ham
Toplantı haftaya tarihinde yapılacaktır.,ham
Yarın salı için randevu aldım.,ham
Toplantı notlarını paylaşıyorum.,ham
Haftalık raporu bugün ileteceğim.,ham
Toplantı yarın tarihinde yapılacaktır.,ham
Yarın salı için randevu aldım.,ham
Toplantı haftaya tarihinde yapılacaktır.,ham
Toplantı notlarını paylaşıyorum.,ham
Bugünkü ders iptal edilmiştir.,ham
Projeyle ilgili geri dönüşünü bekliyorum.,ham
Konuyla ilgili bilgilendirme yapıldı.,ham
Konuyla ilgili bilgilendirme yapıldı.,ham
Sunumu güncelleyip göndereceğim.,ham
"Maili aldım, teşekkür ederim.",ham
Bugünkü ders ertelenmiştir.,ham
Yarın pazartesi için randevu aldım.,ham
Konuyla ilgili bilgilendirme yapıldı.,ham
"Maili aldım, teşekkür ederim.",ham
Konuyla ilgili bilgilendirme yapıldı.,ham
Dosyayı ek olarak gönderiyorum.,ham
Toplantı notlarını paylaşıyorum.,ham
Toplantı haftaya tarihinde yapılacaktır.,ham
Yarın salı için randevu aldım.,ham
Toplantı yarın tarihinde yapılacaktır.,ham
Yarın pazartesi için randevu aldım.,ham
Projeyle ilgili geri dönüşünü bekliyorum.,ham
Bugünkü ders iptal edilmiştir.,ham
Projeyle ilgili onayını bekliyorum.,ham
Sunumu güncelleyip göndereceğim.,ham
Konuyla ilgili bilgilendirme yapıldı.,ham
Toplantı salı tarihinde yapılacaktır.,ham
Bugünkü ders ertelenmiştir.,ham
Bugünkü ders ertelenmiştir.,ham
Yarın haftaya için randevu aldım.,ham
Toplantı notlarını paylaşıyorum.,ham
Haftalık raporu haftaya ileteceğim.,ham
Projeyle ilgili cevabını bekliyorum.,ham
Toplantı notlarını paylaşıyorum.,ham
"Maili aldım, teşekkür ederim.",ham
Konuyla ilgili bilgilendirme yapıldı.,ham
Toplantı notlarını paylaşıyorum.,ham
Bugünkü ders yapılacaktır.,ham
Haftalık raporu yarın ileteceğim.,ham
Haftalık raporu pazartesi ileteceğim.,ham
Konuyla ilgili bilgilendirme yapıldı.,ham
Haftalık raporu bugün ileteceğim.,ham
Konuyla ilgili bilgilendirme yapıldı.,ham
Haftalık raporu salı ileteceğim.,ham
Yarın bugün için randevu aldım.,ham
Toplantı pazartesi tarihinde yapılacaktır.,ham
Sunumu güncelleyip göndereceğim.,ham
Sunumu güncelleyip göndereceğim.,ham
Konuyla ilgili bilgilendirme yapıldı.,ham
Bugünkü ders iptal edilmiştir.,ham
Bugünkü ders yapılacaktır.,ham
Toplantı notlarını paylaşıyorum.,ham
Konuyla ilgili bilgilendirme yapıldı.,ham
Projeyle ilgili onayını bekliyorum.,ham
Yarın haftaya için randevu aldım.,ham
Toplantı notlarını paylaşıyorum.,ham
Dosyayı ek olarak gönderiyorum.,ham
Toplantı notlarını paylaşıyorum.,ham
Toplantı notlarını paylaşıyorum.,ham
Sunumu güncelleyip göndereceğim.,ham
Konuyla ilgili bilgilendirme yapıldı.,ham
Toplantı notlarını paylaşıyorum.,ham
Toplantı notlarını paylaşıyorum.,ham
Sunumu güncelleyip göndereceğim.,ham
Yarın salı için randevu aldım.,ham
Dosyayı ek olarak gönderiyorum.,ham
Konuyla ilgili bilgilendirme yapıldı.,ham
Dosyayı ek olarak gönderiyorum.,ham
Sunumu güncelleyip göndereceğim.,ham
Yarın salı için randevu aldım.,ham
Toplantı pazartesi tarihinde yapılacaktır.,ham
Konuyla ilgili bilgilendirme yapıldı.,ham
Sunumu güncelleyip göndereceğim.,ham
Toplantı haftaya tarihinde yapılacaktır.,ham
Sunumu güncelleyip göndereceğim.,ham
Konuyla ilgili bilgilendirme yapıldı.,ham
Sunumu güncelleyip göndereceğim.,ham
Toplantı yarın tarihinde yapılacaktır.,ham
Projeyle ilgili geri dönüşünü bekliyorum.,ham
Haftalık raporu bugün ileteceğim.,ham
Sunumu güncelleyip göndereceğim.,ham
Haftalık raporu bugün ileteceğim.,ham
"Maili aldım, teşekkür ederim.",ham
Yarın bugün için randevu aldım.,ham
Konuyla ilgili bilgilendirme yapıldı.,ham
Konuyla ilgili bilgilendirme yapıldı.,ham
Konuyla ilgili bilgilendirme yapıldı.,ham
Sunumu güncelleyip göndereceğim.,ham
Projeyle ilgili onayını bekliyorum.,ham
"Maili aldım, teşekkür ederim.",ham
Sunumu güncelleyip göndereceğim.,ham
Toplantı haftaya tarihinde yapılacaktır.,ham
Projeyle ilgili cevabını bekliyorum.,ham
Dosyayı ek olarak gönderiyorum.,ham
Yarın yarın için randevu aldım.,ham
Dosyayı ek olarak gönderiyorum.,ham
"Maili aldım, teşekkür ederim.",ham
Bugünkü ders ertelenmiştir.,ham
Toplantı salı tarihinde yapılacaktır.,ham
"Maili aldım, teşekkür ederim.",ham
Toplantı notlarını paylaşıyorum.,ham
Konuyla ilgili bilgilendirme yapıldı.,ham
Bugünkü ders yapılacaktır.,ham
Yarın haftaya için randevu aldım.,ham
Bugünkü ders iptal edilmiştir.,ham
Yarın bugün için randevu aldım.,ham
"Maili aldım, teşekkür ederim.",ham
"Maili aldım, teşekkür ederim.",ham
Haftalık raporu pazartesi ileteceğim.,ham
Dosyayı ek olarak gönderiyorum.,ham
Sunumu güncelleyip göndereceğim.,ham
Toplantı notlarını paylaşıyorum.,ham
Projeyle ilgili cevabını bekliyorum.,ham
Yarın pazartesi için randevu aldım.,ham
"Maili aldım, teşekkür ederim.",ham
Dosyayı ek olarak gönderiyorum.,ham
Dosyayı ek olarak gönderiyorum.,ham
Toplantı notlarını paylaşıyorum.,ham
Konuyla ilgili bilgilendirme yapıldı.,ham
Toplantı haftaya tarihinde yapılacaktır.,ham
Dosyayı ek olarak gönderiyorum.,ham
Haftalık raporu salı ileteceğim.,ham
Sunumu güncelleyip göndereceğim.,ham
Sunumu güncelleyip göndereceğim.,ham
Sunumu güncelleyip göndereceğim.,ham
"Maili aldım, teşekkür ederim.",ham
Sunumu güncelleyip göndereceğim.,ham
Konuyla ilgili bilgilendirme yapıldı.,ham
Yarın yarın için randevu aldım.,ham
Toplantı haftaya tarihinde yapılacaktır.,ham
Bugünkü ders iptal edilmiştir.,ham
Toplantı notlarını paylaşıyorum.,ham
Toplantı pazartesi tarihinde yapılacaktır.,ham
"Maili aldım, teşekkür ederim.",ham
Dosyayı ek olarak gönderiyorum.,ham
Bugünkü ders iptal edilmiştir.,ham
Dosyayı ek olarak gönderiyorum.,ham
Toplantı pazartesi tarihinde yapılacaktır.,ham
Sunumu güncelleyip göndereceğim.,ham
Toplantı yarın tarihinde yapılacaktır.,ham
Haftalık raporu haftaya ileteceğim.,ham
Yarın pazartesi için randevu aldım.,ham
Haftalık raporu bugün ileteceğim.,ham
Projeyle ilgili geri dönüşünü bekliyorum.,ham
Haftalık raporu pazartesi ileteceğim.,ham
Toplantı notlarını paylaşıyorum.,ham
"Maili aldım, teşekkür ederim.",ham
Toplantı bugün tarihinde yapılacaktır.,ham
Toplantı salı tarihinde yapılacaktır.,ham
Toplantı salı tarihinde yapılacaktır.,ham
Dosyayı ek olarak gönderiyorum.,ham
Yarın yarın için randevu aldım.,ham
Yarın haftaya için randevu aldım.,ham
Projeyle ilgili cevabını bekliyorum.,ham
Sunumu güncelleyip göndereceğim.,ham
Sunumu güncelleyip göndereceğim.,ham
Dosyayı ek olarak gönderiyorum.,ham
Konuyla ilgili bilgilendirme yapıldı.,ham
Haftalık raporu haftaya ileteceğim.,ham
"Maili aldım, teşekkür ederim.",ham
Projeyle ilgili onayını bekliyorum.,ham
"Maili aldım, teşekkür ederim.",ham
Toplantı notlarını paylaşıyorum.,ham
Toplantı notlarını paylaşıyorum.,ham
Konuyla ilgili bilgilendirme yapıldı.,ham
Konuyla ilgili bilgilendirme yapıldı.,ham
"Maili aldım, teşekkür ederim.",ham
Projeyle ilgili geri dönüşünü bekliyorum.,ham
Dosyayı ek olarak gönderiyorum.,ham
Haftalık raporu salı ileteceğim.,ham
Dosyayı ek olarak gönderiyorum.,ham
Projeyle ilgili geri dönüşünü bekliyorum.,ham
"Maili aldım, teşekkür ederim.",ham
"Maili aldım, teşekkür ederim.",ham
Toplantı notlarını paylaşıyorum.,ham
"Maili aldım, teşekkür ederim.",ham
Sunumu güncelleyip göndereceğim.,ham
Toplantı notlarını paylaşıyorum.,ham
Konuyla ilgili bilgilendirme yapıldı.,ham
Sunumu güncelleyip göndereceğim.,ham
Sunumu güncelleyip göndereceğim.,ham
Konuyla ilgili bilgilendirme yapıldı.,ham
Dosyayı ek olarak gönderiyorum.,ham
Toplantı pazartesi tarihinde yapılacaktır.,ham
Yarın haftaya için randevu aldım.,ham
Toplantı salı tarihinde yapılacaktır.,ham
Yarın haftaya için randevu aldım.,ham
Bugünkü ders ertelenmiştir.,ham
Haftalık raporu haftaya ileteceğim.,ham
Sunumu güncelleyip göndereceğim.,ham
Dosyayı ek olarak gönderiyorum.,ham
Dosyayı ek olarak gönderiyorum.,ham
Konuyla ilgili bilgilendirme yapıldı.,ham
"Maili aldım, teşekkür ederim.",ham
Projeyle ilgili onayını bekliyorum.,ham
"Maili aldım, teşekkür ederim.",ham
Projeyle ilgili onayını bekliyorum.,ham
Toplantı notlarını paylaşıyorum.,ham
Konuyla ilgili bilgilendirme yapıldı.,ham
Projeyle ilgili cevabını bekliyorum.,ham
Yarın bugün için randevu aldım.,ham
Bugünkü ders iptal edilmiştir.,ham
Bugünkü ders ertelenmiştir.,ham
Haftalık raporu yarın ileteceğim.,ham
"Maili aldım, teşekkür ederim.",ham
Konuyla ilgili bilgilendirme yapıldı.,ham
Toplantı notlarını paylaşıyorum.,ham
"Maili aldım, teşekkür ederim.",ham
Sunumu güncelleyip göndereceğim.,ham
"Maili aldım, teşekkür ederim.",ham
Yarın haftaya için randevu aldım.,ham
"Maili aldım, teşekkür ederim.",ham
Konuyla ilgili bilgilendirme yapıldı.,ham
"Maili aldım, teşekkür ederim.",ham
Projeyle ilgili geri dönüşünü bekliyorum.,ham
Haftalık raporu yarın ileteceğim.,ham
Dosyayı ek olarak gönderiyorum.,ham
Toplantı haftaya tarihinde yapılacaktır.,ham
Yarın haftaya için randevu aldım.,ham
Yarın salı için randevu aldım.,ham
Haftalık raporu pazartesi ileteceğim.,ham
Toplantı bugün tarihinde yapılacaktır.,ham
Yarın yarın için randevu aldım.,ham
Projeyle ilgili cevabını bekliyorum.,ham
Bugünkü ders yapılacaktır.,ham
Toplantı notlarını paylaşıyorum.,ham
Yarın yarın için randevu aldım.,ham
Dosyayı ek olarak gönderiyorum.,ham
Dosyayı ek olarak gönderiyorum.,ham
Dosyayı ek olarak gönderiyorum.,ham
Sunumu güncelleyip göndereceğim.,ham
Projeyle ilgili onayını bekliyorum.,ham
Projeyle ilgili geri dönüşünü bekliyorum.,ham
Sunumu güncelleyip göndereceğim.,ham
Toplantı notlarını paylaşıyorum.,ham
"Maili aldım, teşekkür ederim.",ham
Bugünkü ders yapılacaktır.,ham
Toplantı salı tarihinde yapılacaktır.,ham
Haftalık raporu salı ileteceğim.,ham
Konuyla ilgili bilgilendirme yapıldı.,ham
Konuyla ilgili bilgilendirme yapıldı.,ham
Toplantı yarın tarihinde yapılacaktır.,ham
Konuyla ilgili bilgilendirme yapıldı.,ham
Toplantı bugün tarihinde yapılacaktır.,ham
Bugünkü ders iptal edilmiştir.,ham
Toplantı notlarını paylaşıyorum.,ham
Haftalık raporu salı ileteceğim.,ham
Dosyayı ek olarak gönderiyorum.,ham
Yarın bugün için randevu aldım.,ham
Bugünkü ders yapılacaktır.,ham
Projeyle ilgili onayını bekliyorum.,ham
Projeyle ilgili cevabını bekliyorum.,ham
Projeyle ilgili geri dönüşünü bekliyorum.,ham
"Maili aldım, teşekkür ederim.",ham
Dosyayı ek olarak gönderiyorum.,ham
Projeyle ilgili cevabını bekliyorum.,ham
Konuyla ilgili bilgilendirme yapıldı.,ham
Haftalık raporu haftaya ileteceğim.,ham
Bugünkü ders ertelenmiştir.,ham
Dosyayı ek olarak gönderiyorum.,ham
Sunumu güncelleyip göndereceğim.,ham
Konuyla ilgili bilgilendirme yapıldı.,ham
Sunumu güncelleyip göndereceğim.,ham
"Maili aldım, teşekkür ederim.",ham
Konuyla ilgili bilgilendirme yapıldı.,ham
Dosyayı ek olarak gönderiyorum.,ham
Sunumu güncelleyip göndereceğim.,ham
Dosyayı ek olarak gönderiyorum.,ham
Yarın pazartesi için randevu aldım.,ham
Haftalık raporu yarın ileteceğim.,ham
Dosyayı ek olarak gönderiyorum.,ham
"Maili aldım, teşekkür ederim.",ham
Yarın haftaya için randevu aldım.,ham
Haftalık raporu haftaya ileteceğim.,ham
"Maili aldım, teşekkür ederim.",ham
Konuyla ilgili bilgilendirme yapıldı.,ham
Konuyla ilgili bilgilendirme yapıldı.,ham
Haftalık raporu bugün ileteceğim.,ham
Yarın haftaya için randevu aldım.,ham
Projeyle ilgili onayını bekliyorum.,ham
Yarın yarın için randevu aldım.,ham
Haftalık raporu yarın ileteceğim.,ham
Konuyla ilgili bilgilendirme yapıldı.,ham
"Maili aldım, teşekkür ederim.",ham
Projeyle ilgili cevabını bekliyorum.,ham
Haftalık raporu yarın ileteceğim.,ham
Bugünkü ders iptal edilmiştir.,ham
Projeyle ilgili geri dönüşünü bekliyorum.,ham
"Maili aldım, teşekkür ederim.",ham
Haftalık raporu bugün ileteceğim.,ham
Toplantı yarın tarihinde yapılacaktır.,ham
Konuyla ilgili bilgilendirme yapıldı.,ham
"Maili aldım, teşekkür ederim.",ham
Konuyla ilgili bilgilendirme yapıldı.,ham
Sunumu güncelleyip göndereceğim.,ham
Konuyla ilgili bilgilendirme yapıldı.,ham
Haftalık raporu salı ileteceğim.,ham
Konuyla ilgili bilgilendirme yapıldı.,ham
Toplantı notlarını paylaşıyorum.,ham
Yarın bugün için randevu aldım.,ham
Yarın salı için randevu aldım.,ham
Sunumu güncelleyip göndereceğim.,ham
Toplantı yarın tarihinde yapılacaktır.,ham
Konuyla ilgili bilgilendirme yapıldı.,ham
"Maili aldım, teşekkür ederim.",ham
Konuyla ilgili bilgilendirme yapıldı.,ham
Toplantı bugün tarihinde yapılacaktır.,ham
Dosyayı ek olarak gönderiyorum.,ham
Bugünkü ders iptal edilmiştir.,ham
Sunumu güncelleyip göndereceğim.,ham
Yarın haftaya için randevu aldım.,ham
Toplantı bugün tarihinde yapılacaktır.,ham
Bugünkü ders iptal edilmiştir.,ham
Toplantı yarın tarihinde yapılacaktır.,ham
"Maili aldım, teşekkür ederim.",ham
Konuyla ilgili bilgilendirme yapıldı.,ham
Sunumu güncelleyip göndereceğim.,ham
Toplantı yarın tarihinde yapılacaktır.,ham
Haftalık raporu salı ileteceğim.,ham
"Maili aldım, teşekkür ederim.",ham
Sunumu güncelleyip göndereceğim.,ham
Konuyla ilgili bilgilendirme yapıldı.,ham
Bugünkü ders ertelenmiştir.,ham
Haftalık raporu pazartesi ileteceğim.,ham
Toplantı bugün tarihinde yapılacaktır.,ham
Toplantı salı tarihinde yapılacaktır.,ham
Sunumu güncelleyip göndereceğim.,ham
Dosyayı ek olarak gönderiyorum.,ham
Projeyle ilgili cevabını bekliyorum.,ham
Toplantı yarın tarihinde yapılacaktır.,ham
Toplantı notlarını paylaşıyorum.,ham
Sunumu güncelleyip göndereceğim.,ham
Sunumu güncelleyip göndereceğim.,ham
Dosyayı ek olarak gönderiyorum.,ham
Yarın bugün için randevu aldım.,ham
Toplantı yarın tarihinde yapılacaktır.,ham
Toplantı salı tarihinde yapılacaktır.,ham
Bugünkü ders iptal edilmiştir.,ham
"Maili aldım, teşekkür ederim.",ham
Konuyla ilgili bilgilendirme yapıldı.,ham
Dosyayı ek olarak gönderiyorum.,ham
Toplantı notlarını paylaşıyorum.,ham
Dosyayı ek olarak gönderiyorum.,ham
"Maili aldım, teşekkür ederim.",ham
Sunumu güncelleyip göndereceğim.,ham
Toplantı notlarını paylaşıyorum.,ham
Haftalık raporu haftaya ileteceğim.,ham
Sunumu güncelleyip göndereceğim.,ham
Haftalık raporu yarın ileteceğim.,ham
Konuyla ilgili bilgilendirme yapıldı.,ham
Sunumu güncelleyip göndereceğim.,ham
Projeyle ilgili cevabını bekliyorum.,ham
Yarın salı için randevu aldım.,ham
Toplantı notlarını paylaşıyorum.,ham
Haftalık raporu salı ileteceğim.,ham
Konuyla ilgili bilgilendirme yapıldı.,ham
Yarın salı için randevu aldım.,ham
Bugünkü ders yapılacaktır.,ham
Dosyayı ek olarak gönderiyorum.,ham
Bugünkü ders ertelenmiştir.,ham
Projeyle ilgili onayını bekliyorum.,ham
Bugünkü ders iptal edilmiştir.,ham
Haftalık raporu bugün ileteceğim.,ham
Bugünkü ders ertelenmiştir.,ham
Toplantı pazartesi tarihinde yapılacaktır.,ham
Haftalık raporu pazartesi ileteceğim.,ham
Projeyle ilgili geri dönüşünü bekliyorum.,ham
Konuyla ilgili bilgilendirme yapıldı.,ham
"Maili aldım, teşekkür ederim.",ham
"Maili aldım, teşekkür ederim.",ham
Sunumu güncelleyip göndereceğim.,ham
Toplantı notlarını paylaşıyorum.,ham
Sunumu güncelleyip göndereceğim.,ham
Dosyayı ek olarak gönderiyorum.,ham
Sunumu güncelleyip göndereceğim.,ham
Toplantı notlarını paylaşıyorum.,ham
Bugünkü ders iptal edilmiştir.,ham
Sunumu güncelleyip göndereceğim.,ham
Bugünkü ders ertelenmiştir.,ham
Yarın bugün için randevu aldım.,ham
Dosyayı ek olarak gönderiyorum.,ham
Sunumu güncelleyip göndereceğim.,ham
Sunumu güncelleyip göndereceğim.,ham
Sunumu güncelleyip göndereceğim.,ham
Dosyayı ek olarak gönderiyorum.,ham
Toplantı notlarını paylaşıyorum.,ham
"Maili aldım, teşekkür ederim.",ham
Toplantı yarın tarihinde yapılacaktır.,ham
Konuyla ilgili bilgilendirme yapıldı.,ham
Yarın haftaya için randevu aldım.,ham
Projeyle ilgili cevabını bekliyorum.,ham
Yarın yarın için randevu aldım.,ham
Dosyayı ek olarak gönderiyorum.,ham
Sunumu güncelleyip göndereceğim.,ham
"Maili aldım, teşekkür ederim.",ham
Toplantı bugün tarihinde yapılacaktır.,ham
Yarın pazartesi için randevu aldım.,ham
Konuyla ilgili bilgilendirme yapıldı.,ham
Konuyla ilgili bilgilendirme yapıldı.,ham
Dosyayı ek olarak gönderiyorum.,ham
Konuyla ilgili bilgilendirme yapıldı.,ham
Bugünkü ders iptal edilmiştir.,ham
Projeyle ilgili cevabını bekliyorum.,ham
Bugünkü ders ertelenmiştir.,ham
Yarın yarın için randevu aldım.,ham
Toplantı notlarını paylaşıyorum.,ham
Yarın pazartesi için randevu aldım.,ham
Sunumu güncelleyip göndereceğim.,ham
Toplantı notlarını paylaşıyorum.,ham
Sunumu güncelleyip göndereceğim.,ham
"Maili aldım, teşekkür ederim.",ham
Yarın haftaya için randevu aldım.,ham
Dosyayı ek olarak gönderiyorum.,ham
Yarın pazartesi için randevu aldım.,ham
Konuyla ilgili bilgilendirme yapıldı.,ham
Toplantı notlarını paylaşıyorum.,ham
Bugünkü ders iptal edilmiştir.,ham
Projeyle ilgili cevabını bekliyorum.,ham
Konuyla ilgili bilgilendirme yapıldı.,ham
Sunumu güncelleyip göndereceğim.,ham
Toplantı notlarını paylaşıyorum.,ham
Toplantı notlarını paylaşıyorum.,ham
Bugünkü ders ertelenmiştir.,ham
Konuyla ilgili bilgilendirme yapıldı.,ham
Konuyla ilgili bilgilendirme yapıldı.,ham
Toplantı notlarını paylaşıyorum.,ham
Toplantı haftaya tarihinde yapılacaktır.,ham
Projeyle ilgili geri dönüşünü bekliyorum.,ham
Bugünkü ders ertelenmiştir.,ham
Sunumu güncelleyip göndereceğim.,ham
Konuyla ilgili bilgilendirme yapıldı.,ham
Projeyle ilgili geri dönüşünü bekliyorum.,ham
Konuyla ilgili bilgilendirme yapıldı.,ham
Toplantı pazartesi tarihinde yapılacaktır.,ham
Toplantı notlarını paylaşıyorum.,ham
Dosyayı ek olarak gönderiyorum.,ham
Bugünkü ders yapılacaktır.,ham
Haftalık raporu bugün ileteceğim.,ham
Toplantı notlarını paylaşıyorum.,ham
Toplantı notlarını paylaşıyorum.,ham
Yarın haftaya için randevu aldım.,ham
Haftalık raporu bugün ileteceğim.,ham
Toplantı notlarını paylaşıyorum.,ham
Projeyle ilgili cevabını bekliyorum.,ham
Konuyla ilgili bilgilendirme yapıldı.,ham
"Maili aldım, teşekkür ederim.",ham
Yarın haftaya için randevu aldım.,ham
Yarın salı için randevu aldım.,ham
Toplantı pazartesi tarihinde yapılacaktır.,ham
Sunumu güncelleyip göndereceğim.,ham
Yarın pazartesi için randevu aldım.,ham
Bugünkü ders yapılacaktır.,ham
Projeyle ilgili onayını bekliyorum.,ham
"Maili aldım, teşekkür ederim.",ham
Haftalık raporu salı ileteceğim.,ham
Sunumu güncelleyip göndereceğim.,ham
Konuyla ilgili bilgilendirme yapıldı.,ham
Sunumu güncelleyip göndereceğim.,ham
Konuyla ilgili bilgilendirme yapıldı.,ham
Yarın haftaya için randevu aldım.,ham
Toplantı notlarını paylaşıyorum.,ham
Bugünkü ders iptal edilmiştir.,ham
Konuyla ilgili bilgilendirme yapıldı.,ham
"Maili aldım, teşekkür ederim.",ham
"Maili aldım, teşekkür ederim.",ham
"Maili aldım, teşekkür ederim.",ham
Haftalık raporu haftaya ileteceğim.,ham
Projeyle ilgili geri dönüşünü bekliyorum.,ham
Toplantı notlarını paylaşıyorum.,ham
Toplantı notlarını paylaşıyorum.,ham
Dosyayı ek olarak gönderiyorum.,ham
Bugünkü ders ertelenmiştir.,ham
Yarın pazartesi için randevu aldım.,ham
Haftalık raporu haftaya ileteceğim.,ham
Yarın yarın için randevu aldım.,ham
Bugünkü ders yapılacaktır.,ham
Konuyla ilgili bilgilendirme yapıldı.,ham
Yarın bugün için randevu aldım.,ham
Bugünkü ders iptal edilmiştir.,ham
Projeyle ilgili onayını bekliyorum.,ham
Haftalık raporu yarın ileteceğim.,ham
Dosyayı ek olarak gönderiyorum.,ham
Konuyla ilgili bilgilendirme yapıldı.,ham
Toplantı notlarını paylaşıyorum.,ham
Konuyla ilgili bilgilendirme yapıldı.,ham
Konuyla ilgili bilgilendirme yapıldı.,ham
"Maili aldım, teşekkür ederim.",ham
Projeyle ilgili onayını bekliyorum.,ham
Bugünkü ders iptal edilmiştir.,ham
Toplantı salı tarihinde yapılacaktır.,ham
Dosyayı ek olarak gönderiyorum.,ham
Toplantı notlarını paylaşıyorum.,ham
Haftalık raporu salı ileteceğim.,ham
"Maili aldım, teşekkür ederim.",ham
Haftalık raporu yarın ileteceğim.,ham
Konuyla ilgili bilgilendirme yapıldı.,ham
Haftalık raporu bugün ileteceğim.,ham
Haftalık raporu bugün ileteceğim.,ham
Dosyayı ek olarak gönderiyorum.,ham
Bugünkü ders yapılacaktır.,ham
Yarın yarın için randevu aldım.,ham
Konuyla ilgili bilgilendirme yapıldı.,ham
Toplantı notlarını paylaşıyorum.,ham
Haftalık raporu haftaya ileteceğim.,ham
Sunumu güncelleyip göndereceğim.,ham
Toplantı notlarını paylaşıyorum.,ham
Projeyle ilgili geri dönüşünü bekliyorum.,ham
"Maili aldım, teşekkür ederim.",ham
"Maili aldım, teşekkür ederim.",ham
Haftalık raporu yarın ileteceğim.,ham
Bugünkü ders yapılacaktır.,ham
Yarın salı için randevu aldım.,ham
Toplantı pazartesi tarihinde yapılacaktır.,ham
Bugünkü ders yapılacaktır.,ham
Haftalık raporu pazartesi ileteceğim.,ham
Toplantı notlarını paylaşıyorum.,ham
Sunumu güncelleyip göndereceğim.,ham
"Maili aldım, teşekkür ederim.",ham
"Maili aldım, teşekkür ederim.",ham
Sunumu güncelleyip göndereceğim.,ham
Toplantı haftaya tarihinde yapılacaktır.,ham
Toplantı notlarını paylaşıyorum.,ham
Yarın salı için randevu aldım.,ham
Konuyla ilgili bilgilendirme yapıldı.,ham
Haftalık raporu salı ileteceğim.,ham
Bugünkü ders yapılacaktır.,ham
Dosyayı ek olarak gönderiyorum.,ham
Toplantı notlarını paylaşıyorum.,ham
Konuyla ilgili bilgilendirme yapıldı.,ham
Projeyle ilgili onayını bekliyorum.,ham
Bugünkü ders ertelenmiştir.,ham
Haftalık raporu salı ileteceğim.,ham
Konuyla ilgili bilgilendirme yapıldı.,ham
Sunumu güncelleyip göndereceğim.,ham
Toplantı notlarını paylaşıyorum.,ham
Toplantı notlarını paylaşıyorum.,ham
Toplantı notlarını paylaşıyorum.,ham
Bugünkü ders ertelenmiştir.,ham
Konuyla ilgili bilgilendirme yapıldı.,ham
"Maili aldım, teşekkür ederim.",ham
Konuyla ilgili bilgilendirme yapıldı.,ham
Toplantı notlarını paylaşıyorum.,ham
"Maili aldım, teşekkür ederim.",ham
Projeyle ilgili cevabını bekliyorum.,ham
Haftalık raporu bugün ileteceğim.,ham
Toplantı salı tarihinde yapılacaktır.,ham
Haftalık raporu yarın ileteceğim.,ham
Projeyle ilgili onayını bekliyorum.,ham
Projeyle ilgili cevabını bekliyorum.,ham
Konuyla ilgili bilgilendirme yapıldı.,ham
Sunumu güncelleyip göndereceğim.,ham
Dosyayı ek olarak gönderiyorum.,ham
"Maili aldım, teşekkür ederim.",ham
Haftalık raporu yarın ileteceğim.,ham
Haftalık raporu haftaya ileteceğim.,ham
Toplantı notlarını paylaşıyorum.,ham
"Maili aldım, teşekkür ederim.",ham
Sunumu güncelleyip göndereceğim.,ham
Yarın salı için randevu aldım.,ham
"Maili aldım, teşekkür ederim.",ham
Haftalık raporu bugün ileteceğim.,ham
Yarın pazartesi için randevu aldım.,ham
"Maili aldım, teşekkür ederim.",ham
Dosyayı ek olarak gönderiyorum.,ham
Yarın yarın için randevu aldım.,ham
Sunumu güncelleyip göndereceğim.,ham
Yarın salı için randevu aldım.,ham
"Maili aldım, teşekkür ederim.",ham
Konuyla ilgili bilgilendirme yapıldı.,ham
"Maili aldım, teşekkür ederim.",ham
Toplantı yarın tarihinde yapılacaktır.,ham
Bugünkü ders yapılacaktır.,ham
Konuyla ilgili bilgilendirme yapıldı.,ham
"Maili aldım, teşekkür ederim.",ham
Toplantı notlarını paylaşıyorum.,ham
Yarın bugün için randevu aldım.,ham
Bugünkü ders yapılacaktır.,ham
Projeyle ilgili geri dönüşünü bekliyorum.,ham
Toplantı notlarını paylaşıyorum.,ham
Dosyayı ek olarak gönderiyorum.,ham
Dosyayı ek olarak gönderiyorum.,ham
Dosyayı ek olarak gönderiyorum.,ham
Dosyayı ek olarak gönderiyorum.,ham
Toplantı notlarını paylaşıyorum.,ham
Bugünkü ders iptal edilmiştir.,ham
Sunumu güncelleyip göndereceğim.,ham
"Maili aldım, teşekkür ederim.",ham
Sunumu güncelleyip göndereceğim.,ham
Sunumu güncelleyip göndereceğim.,ham
Dosyayı ek olarak gönderiyorum.,ham
Bugünkü ders iptal edilmiştir.,ham
Toplantı bugün tarihinde yapılacaktır.,ham
Sunumu güncelleyip göndereceğim.,ham
Sunumu güncelleyip göndereceğim.,ham
Sunumu güncelleyip göndereceğim.,ham
Bugünkü ders ertelenmiştir.,ham
Toplantı yarın tarihinde yapılacaktır.,ham
Bugünkü ders ertelenmiştir.,ham
Bugünkü ders iptal edilmiştir.,ham
Yarın yarın için randevu aldım.,ham
Konuyla ilgili bilgilendirme yapıldı.,ham
Dosyayı ek olarak gönderiyorum.,ham
"Maili aldım, teşekkür ederim.",ham
Toplantı salı tarihinde yapılacaktır.,ham
Yarın haftaya için randevu aldım.,ham
Yarın haftaya için randevu aldım.,ham
Bugünkü ders ertelenmiştir.,ham
Toplantı notlarını paylaşıyorum.,ham
Dosyayı ek olarak gönderiyorum.,ham
Projeyle ilgili cevabını bekliyorum.,ham
"Maili aldım, teşekkür ederim.",ham
Bugünkü ders ertelenmiştir.,ham
"Maili aldım, teşekkür ederim.",ham
Haftalık raporu yarın ileteceğim.,ham
Haftalık raporu salı ileteceğim.,ham
Dosyayı ek olarak gönderiyorum.,ham
Projeyle ilgili onayını bekliyorum.,ham
Dosyayı ek olarak gönderiyorum.,ham
Sunumu güncelleyip göndereceğim.,ham
Sunumu güncelleyip göndereceğim.,ham
Projeyle ilgili onayını bekliyorum.,ham
Sunumu güncelleyip göndereceğim.,ham
Sunumu güncelleyip göndereceğim.,ham
"Maili aldım, teşekkür ederim.",ham
Dosyayı ek olarak gönderiyorum.,ham
Haftalık raporu salı ileteceğim.,ham
Sunumu güncelleyip göndereceğim.,ham
Konuyla ilgili bilgilendirme yapıldı.,ham
Toplantı notlarını paylaşıyorum.,ham
Bugünkü ders iptal edilmiştir.,ham
Toplantı salı tarihinde yapılacaktır.,ham
Toplantı notlarını paylaşıyorum.,ham
Yarın pazartesi için randevu aldım.,ham
Toplantı pazartesi tarihinde yapılacaktır.,ham
Dosyayı ek olarak gönderiyorum.,ham
Konuyla ilgili bilgilendirme yapıldı.,ham
Konuyla ilgili bilgilendirme yapıldı.,ham
Dosyayı ek olarak gönderiyorum.,ham
Bugünkü ders yapılacaktır.,ham
Konuyla ilgili bilgilendirme yapıldı.,ham
Toplantı notlarını paylaşıyorum.,ham
Dosyayı ek olarak gönderiyorum.,ham
Projeyle ilgili cevabını bekliyorum.,ham
Haftalık raporu salı ileteceğim.,ham
"Maili aldım, teşekkür ederim.",ham
Konuyla ilgili bilgilendirme yapıldı.,ham
Sunumu güncelleyip göndereceğim.,ham
"Maili aldım, teşekkür ederim.",ham
Toplantı yarın tarihinde yapılacaktır.,ham
Yarın bugün için randevu aldım.,ham
"Maili aldım, teşekkür ederim.",ham
Konuyla ilgili bilgilendirme yapıldı.,ham
Sunumu güncelleyip göndereceğim.,ham
Bugünkü ders ertelenmiştir.,ham
Toplantı notlarını paylaşıyorum.,ham
Ücretsiz hediye sizi bekliyor.,spam
Sadece bugün geçerli fırsat!,spam
"Tebrikler! telefon kazandınız, hemen tıklayın.",spam
"Tebrikler! hediye çeki kazandınız, hemen tıklayın.",spam
"Tebrikler! telefon kazandınız, hemen tıklayın.",spam
Kazandınız! Ödülünüzü almak için linke tıklayın.,spam
Son şans! Büyük indirim fırsatını kaçırmayın.,spam
Ücretsiz hediye sizi bekliyor.,spam
Ücretsiz hediye sizi bekliyor.,spam
Acil! Hesabınızı doğrulayın.,spam
50.000 TL kredi hemen hesabınıza.,spam
Sadece bugün geçerli fırsat!,spam
"Hesabınız askıya alındı, bilgilerinizi giriniz.",spam
"Tebrikler! büyük ödül kazandınız, hemen tıklayın.",spam
"Şimdi başvur, büyük ödülü kazan.",spam
Kazandınız! Ödülünüzü almak için linke tıklayın.,spam
Son şans! Büyük indirim fırsatını kaçırmayın.,spam
"Tebrikler! hediye çeki kazandınız, hemen tıklayın.",spam
Ücretsiz hediye sizi bekliyor.,spam
"Hesabınız askıya alındı, bilgilerinizi giriniz.",spam
"Tebrikler! büyük ödül kazandınız, hemen tıklayın.",spam
Bedava tablet kazanmak için linke tıklayın.,spam
"Hesabınız askıya alındı, bilgilerinizi giriniz.",spam
100.000 TL kredi hemen hesabınıza.,spam
"Tebrikler! telefon kazandınız, hemen tıklayın.",spam
"Hesabınız askıya alındı, bilgilerinizi giriniz.",spam
50.000 TL kredi hemen hesabınıza.,spam
Kazandınız! Ödülünüzü almak için linke tıklayın.,spam
Son şans! Büyük indirim fırsatını kaçırmayın.,spam
Sadece bugün geçerli fırsat!,spam
Kazandınız! Ödülünüzü almak için linke tıklayın.,spam
50.000 TL kredi hemen hesabınıza.,spam
"Hesabınız askıya alındı, bilgilerinizi giriniz.",spam
"Şimdi başvur, büyük ödülü kazan.",spam
Sadece bugün geçerli fırsat!,spam
Son şans! Büyük indirim fırsatını kaçırmayın.,spam
"Tebrikler! büyük ödül kazandınız, hemen tıklayın.",spam
Sadece bugün geçerli fırsat!,spam
Bedava hediye kazanmak için linke tıklayın.,spam
"Tebrikler! hediye çeki kazandınız, hemen tıklayın.",spam
Acil! Hesabınızı doğrulayın.,spam
Son şans! Büyük indirim fırsatını kaçırmayın.,spam
"Şimdi başvur, büyük ödülü kazan.",spam
"Tebrikler! hediye çeki kazandınız, hemen tıklayın.",spam
Ücretsiz hediye sizi bekliyor.,spam
Kazandınız! Ödülünüzü almak için linke tıklayın.,spam
"Hesabınız askıya alındı, bilgilerinizi giriniz.",spam
Acil! Hesabınızı doğrulayın.,spam
Kazandınız! Ödülünüzü almak için linke tıklayın.,spam
"Hesabınız askıya alındı, bilgilerinizi giriniz.",spam
Acil! Hesabınızı doğrulayın.,spam
"Tebrikler! büyük ödül kazandınız, hemen tıklayın.",spam
25.000 TL kredi hemen hesabınıza.,spam
Ücretsiz hediye sizi bekliyor.,spam
"Şimdi başvur, büyük ödülü kazan.",spam
"Hesabınız askıya alındı, bilgilerinizi giriniz.",spam
Kazandınız! Ödülünüzü almak için linke tıklayın.,spam
Kazandınız! Ödülünüzü almak için linke tıklayın.,spam
"Hesabınız askıya alındı, bilgilerinizi giriniz.",spam
Acil! Hesabınızı doğrulayın.,spam
25.000 TL kredi hemen hesabınıza.,spam
Sadece bugün geçerli fırsat!,spam
Son şans! Büyük indirim fırsatını kaçırmayın.,spam
Son şans! Büyük indirim fırsatını kaçırmayın.,spam
Bedava telefon kazanmak için linke tıklayın.,spam
"Şimdi başvur, büyük ödülü kazan.",spam
"Hesabınız askıya alındı, bilgilerinizi giriniz.",spam
Acil! Hesabınızı doğrulayın.,spam
Ücretsiz hediye sizi bekliyor.,spam
Acil! Hesabınızı doğrulayın.,spam
"Şimdi başvur, büyük ödülü kazan.",spam
Son şans! Büyük indirim fırsatını kaçırmayın.,spam
"Hesabınız askıya alındı, bilgilerinizi giriniz.",spam
Ücretsiz hediye sizi bekliyor.,spam
Ücretsiz hediye sizi bekliyor.,spam
50.000 TL kredi hemen hesabınıza.,spam
Ücretsiz hediye sizi bekliyor.,spam
Kazandınız! Ödülünüzü almak için linke tıklayın.,spam
Son şans! Büyük indirim fırsatını kaçırmayın.,spam
"Şimdi başvur, büyük ödülü kazan.",spam
Bedava tablet kazanmak için linke tıklayın.,spam
Acil! Hesabınızı doğrulayın.,spam
100.000 TL kredi hemen hesabınıza.,spam
100.000 TL kredi hemen hesabınıza.,spam
Kazandınız! Ödülünüzü almak için linke tıklayın.,spam
Acil! Hesabınızı doğrulayın.,spam
Son şans! Büyük indirim fırsatını kaçırmayın.,spam
Son şans! Büyük indirim fırsatını kaçırmayın.,spam
"Tebrikler! hediye çeki kazandınız, hemen tıklayın.",spam
"Hesabınız askıya alındı, bilgilerinizi giriniz.",spam
Son şans! Büyük indirim fırsatını kaçırmayın.,spam
Son şans! Büyük indirim fırsatını kaçırmayın.,spam
Ücretsiz hediye sizi bekliyor.,spam
Kazandınız! Ödülünüzü almak için linke tıklayın.,spam
"Hesabınız askıya alındı, bilgilerinizi giriniz.",spam
Bedava telefon kazanmak için linke tıklayın.,spam
Ücretsiz hediye sizi bekliyor.,spam
Ücretsiz hediye sizi bekliyor.,spam
Acil! Hesabınızı doğrulayın.,spam
Acil! Hesabınızı doğrulayın.,spam
Son şans! Büyük indirim fırsatını kaçırmayın.,spam
"Tebrikler! telefon kazandınız, hemen tıklayın.",spam
Ücretsiz hediye sizi bekliyor.,spam
"Hesabınız askıya alındı, bilgilerinizi giriniz.",spam
"Tebrikler! büyük ödül kazandınız, hemen tıklayın.",spam
"Hesabınız askıya alındı, bilgilerinizi giriniz.",spam
"Şimdi başvur, büyük ödülü kazan.",spam
"Şimdi başvur, büyük ödülü kazan.",spam
"Tebrikler! büyük ödül kazandınız, hemen tıklayın.",spam
25.000 TL kredi hemen hesabınıza.,spam
Sadece bugün geçerli fırsat!,spam
"Hesabınız askıya alındı, bilgilerinizi giriniz.",spam
Bedava telefon kazanmak için linke tıklayın.,spam
50.000 TL kredi hemen hesabınıza.,spam
"Tebrikler! büyük ödül kazandınız, hemen tıklayın.",spam
Ücretsiz hediye sizi bekliyor.,spam
50.000 TL kredi hemen hesabınıza.,spam
Sadece bugün geçerli fırsat!,spam
Bedava tablet kazanmak için linke tıklayın.,spam
Acil! Hesabınızı doğrulayın.,spam
Son şans! Büyük indirim fırsatını kaçırmayın.,spam
Ücretsiz hediye sizi bekliyor.,spam
"Hesabınız askıya alındı, bilgilerinizi giriniz.",spam
"Şimdi başvur, büyük ödülü kazan.",spam
Acil! Hesabınızı doğrulayın.,spam
Ücretsiz hediye sizi bekliyor.,spam
"Tebrikler! hediye çeki kazandınız, hemen tıklayın.",spam
25.000 TL kredi hemen hesabınıza.,spam
Acil! Hesabınızı doğrulayın.,spam
25.000 TL kredi hemen hesabınıza.,spam
Ücretsiz hediye sizi bekliyor.,spam
Son şans! Büyük indirim fırsatını kaçırmayın.,spam
Sadece bugün geçerli fırsat!,spam
Ücretsiz hediye sizi bekliyor.,spam
Son şans! Büyük indirim fırsatını kaçırmayın.,spam
Ücretsiz hediye sizi bekliyor.,spam
"Hesabınız askıya alındı, bilgilerinizi giriniz.",spam
Kazandınız! Ödülünüzü almak için linke tıklayın.,spam
Bedava telefon kazanmak için linke tıklayın.,spam
Acil! Hesabınızı doğrulayın.,spam
"Tebrikler! büyük ödül kazandınız, hemen tıklayın.",spam
Sadece bugün geçerli fırsat!,spam
Acil! Hesabınızı doğrulayın.,spam
Kazandınız! Ödülünüzü almak için linke tıklayın.,spam
Sadece bugün geçerli fırsat!,spam
Son şans! Büyük indirim fırsatını kaçırmayın.,spam
"Tebrikler! telefon kazandınız, hemen tıklayın.",spam
"Hesabınız askıya alındı, bilgilerinizi giriniz.",spam
25.000 TL kredi hemen hesabınıza.,spam
"Tebrikler! büyük ödül kazandınız, hemen tıklayın.",spam
"Tebrikler! hediye çeki kazandınız, hemen tıklayın.",spam
"Hesabınız askıya alındı, bilgilerinizi giriniz.",spam
Bedava tablet kazanmak için linke tıklayın.,spam
"Hesabınız askıya alındı, bilgilerinizi giriniz.",spam
Sadece bugün geçerli fırsat!,spam
"Hesabınız askıya alındı, bilgilerinizi giriniz.",spam
Ücretsiz hediye sizi bekliyor.,spam
"Şimdi başvur, büyük ödülü kazan.",spam
100.000 TL kredi hemen hesabınıza.,spam
"Tebrikler! büyük ödül kazandınız, hemen tıklayın.",spam
Sadece bugün geçerli fırsat!,spam
Ücretsiz hediye sizi bekliyor.,spam
Bedava tablet kazanmak için linke tıklayın.,spam
"Tebrikler! telefon kazandınız, hemen tıklayın.",spam
Bedava telefon kazanmak için linke tıklayın.,spam
Ücretsiz hediye sizi bekliyor.,spam
Ücretsiz hediye sizi bekliyor.,spam
"Tebrikler! hediye çeki kazandınız, hemen tıklayın.",spam
"Şimdi başvur, büyük ödülü kazan.",spam
"Şimdi başvur, büyük ödülü kazan.",spam
"Şimdi başvur, büyük ödülü kazan.",spam
Son şans! Büyük indirim fırsatını kaçırmayın.,spam
Ücretsiz hediye sizi bekliyor.,spam
Bedava telefon kazanmak için linke tıklayın.,spam
100.000 TL kredi hemen hesabınıza.,spam
Kazandınız! Ödülünüzü almak için linke tıklayın.,spam
"Hesabınız askıya alındı, bilgilerinizi giriniz.",spam
"Hesabınız askıya alındı, bilgilerinizi giriniz.",spam
Acil! Hesabınızı doğrulayın.,spam
Sadece bugün geçerli fırsat!,spam
Acil! Hesabınızı doğrulayın.,spam
Son şans! Büyük indirim fırsatını kaçırmayın.,spam
Son şans! Büyük indirim fırsatını kaçırmayın.,spam
50.000 TL kredi hemen hesabınıza.,spam
"Tebrikler! telefon kazandınız, hemen tıklayın.",spam
Sadece bugün geçerli fırsat!,spam
50.000 TL kredi hemen hesabınıza.,spam
Son şans! Büyük indirim fırsatını kaçırmayın.,spam
"Hesabınız askıya alındı, bilgilerinizi giriniz.",spam
"Şimdi başvur, büyük ödülü kazan.",spam
"Hesabınız askıya alındı, bilgilerinizi giriniz.",spam
"Tebrikler! büyük ödül kazandınız, hemen tıklayın.",spam
"Tebrikler! telefon kazandınız, hemen tıklayın.",spam
Sadece bugün geçerli fırsat!,spam
Kazandınız! Ödülünüzü almak için linke tıklayın.,spam
"Hesabınız askıya alındı, bilgilerinizi giriniz.",spam
Ücretsiz hediye sizi bekliyor.,spam
Acil! Hesabınızı doğrulayın.,spam
Sadece bugün geçerli fırsat!,spam
"Tebrikler! büyük ödül kazandınız, hemen tıklayın.",spam
Ücretsiz hediye sizi bekliyor.,spam
100.000 TL kredi hemen hesabınıza.,spam
Son şans! Büyük indirim fırsatını kaçırmayın.,spam
Kazandınız! Ödülünüzü almak için linke tıklayın.,spam
100.000 TL kredi hemen hesabınıza.,spam
Ücretsiz hediye sizi bekliyor.,spam
Kazandınız! Ödülünüzü almak için linke tıklayın.,spam
Acil! Hesabınızı doğrulayın.,spam
25.000 TL kredi hemen hesabınıza.,spam
Son şans! Büyük indirim fırsatını kaçırmayın.,spam
Ücretsiz hediye sizi bekliyor.,spam
Bedava tablet kazanmak için linke tıklayın.,spam
Bedava telefon kazanmak için linke tıklayın.,spam
Sadece bugün geçerli fırsat!,spam
"Tebrikler! büyük ödül kazandınız, hemen tıklayın.",spam
Sadece bugün geçerli fırsat!,spam
Sadece bugün geçerli fırsat!,spam
Sadece bugün geçerli fırsat!,spam
"Tebrikler! telefon kazandınız, hemen tıklayın.",spam
"Hesabınız askıya alındı, bilgilerinizi giriniz.",spam
"Hesabınız askıya alındı, bilgilerinizi giriniz.",spam
"Tebrikler! büyük ödül kazandınız, hemen tıklayın.",spam
Bedava hediye kazanmak için linke tıklayın.,spam
Son şans! Büyük indirim fırsatını kaçırmayın.,spam
"Şimdi başvur, büyük ödülü kazan.",spam
Acil! Hesabınızı doğrulayın.,spam
"Hesabınız askıya alındı, bilgilerinizi giriniz.",spam
Son şans! Büyük indirim fırsatını kaçırmayın.,spam
"Hesabınız askıya alındı, bilgilerinizi giriniz.",spam
Sadece bugün geçerli fırsat!,spam
Kazandınız! Ödülünüzü almak için linke tıklayın.,spam
Bedava telefon kazanmak için linke tıklayın.,spam
"Tebrikler! büyük ödül kazandınız, hemen tıklayın.",spam
Kazandınız! Ödülünüzü almak için linke tıklayın.,spam
"Hesabınız askıya alındı, bilgilerinizi giriniz.",spam
Kazandınız! Ödülünüzü almak için linke tıklayın.,spam
Son şans! Büyük indirim fırsatını kaçırmayın.,spam
Acil! Hesabınızı doğrulayın.,spam
Kazandınız! Ödülünüzü almak için linke tıklayın.,spam
Bedava telefon kazanmak için linke tıklayın.,spam
Acil! Hesabınızı doğrulayın.,spam
"Tebrikler! büyük ödül kazandınız, hemen tıklayın.",spam
Bedava hediye kazanmak için linke tıklayın.,spam
Sadece bugün geçerli fırsat!,spam
Kazandınız! Ödülünüzü almak için linke tıklayın.,spam
Acil! Hesabınızı doğrulayın.,spam
"Şimdi başvur, büyük ödülü kazan.",spam
Bedava telefon kazanmak için linke tıklayın.,spam
"Tebrikler! hediye çeki kazandınız, hemen tıklayın.",spam
Son şans! Büyük indirim fırsatını kaçırmayın.,spam
"Şimdi başvur, büyük ödülü kazan.",spam
"Şimdi başvur, büyük ödülü kazan.",spam
Son şans! Büyük indirim fırsatını kaçırmayın.,spam
"Şimdi başvur, büyük ödülü kazan.",spam
Acil! Hesabınızı doğrulayın.,spam
Sadece bugün geçerli fırsat!,spam
Kazandınız! Ödülünüzü almak için linke tıklayın.,spam
Bedava hediye kazanmak için linke tıklayın.,spam
"Hesabınız askıya alındı, bilgilerinizi giriniz.",spam
Acil! Hesabınızı doğrulayın.,spam
Son şans! Büyük indirim fırsatını kaçırmayın.,spam
Bedava telefon kazanmak için linke tıklayın.,spam
Ücretsiz hediye sizi bekliyor.,spam
Ücretsiz hediye sizi bekliyor.,spam
"Şimdi başvur, büyük ödülü kazan.",spam
Acil! Hesabınızı doğrulayın.,spam
Acil! Hesabınızı doğrulayın.,spam
"Tebrikler! büyük ödül kazandınız, hemen tıklayın.",spam
100.000 TL kredi hemen hesabınıza.,spam
Acil! Hesabınızı doğrulayın.,spam
Acil! Hesabınızı doğrulayın.,spam
Son şans! Büyük indirim fırsatını kaçırmayın.,spam
"Şimdi başvur, büyük ödülü kazan.",spam
Son şans! Büyük indirim fırsatını kaçırmayın.,spam
"Hesabınız askıya alındı, bilgilerinizi giriniz.",spam
Son şans! Büyük indirim fırsatını kaçırmayın.,spam
Bedava tablet kazanmak için linke tıklayın.,spam
Bedava tablet kazanmak için linke tıklayın.,spam
Bedava hediye kazanmak için linke tıklayın.,spam
Son şans! Büyük indirim fırsatını kaçırmayın.,spam
Son şans! Büyük indirim fırsatını kaçırmayın.,spam
"Hesabınız askıya alındı, bilgilerinizi giriniz.",spam
Bedava tablet kazanmak için linke tıklayın.,spam
Bedava telefon kazanmak için linke tıklayın.,spam
Sadece bugün geçerli fırsat!,spam
"Hesabınız askıya alındı, bilgilerinizi giriniz.",spam
Son şans! Büyük indirim fırsatını kaçırmayın.,spam
"Şimdi başvur, büyük ödülü kazan.",spam
Son şans! Büyük indirim fırsatını kaçırmayın.,spam
"Şimdi başvur, büyük ödülü kazan.",spam
50.000 TL kredi hemen hesabınıza.,spam
Ücretsiz hediye sizi bekliyor.,spam
"Tebrikler! hediye çeki kazandınız, hemen tıklayın.",spam
Ücretsiz hediye sizi bekliyor.,spam
Son şans! Büyük indirim fırsatını kaçırmayın.,spam
Kazandınız! Ödülünüzü almak için linke tıklayın.,spam
Son şans! Büyük indirim fırsatını kaçırmayın.,spam
25.000 TL kredi hemen hesabınıza.,spam
"Şimdi başvur, büyük ödülü kazan.",spam
Bedava telefon kazanmak için linke tıklayın.,spam
"Hesabınız askıya alındı, bilgilerinizi giriniz.",spam
Acil! Hesabınızı doğrulayın.,spam
"Hesabınız askıya alındı, bilgilerinizi giriniz.",spam
"Hesabınız askıya alındı, bilgilerinizi giriniz.",spam
Son şans! Büyük indirim fırsatını kaçırmayın.,spam
25.000 TL kredi hemen hesabınıza.,spam
Bedava telefon kazanmak için linke tıklayın.,spam
"Hesabınız askıya alındı, bilgilerinizi giriniz.",spam
Sadece bugün geçerli fırsat!,spam
25.000 TL kredi hemen hesabınıza.,spam
Kazandınız! Ödülünüzü almak için linke tıklayın.,spam
"Şimdi başvur, büyük ödülü kazan.",spam
Kazandınız! Ödülünüzü almak için linke tıklayın.,spam
Acil! Hesabınızı doğrulayın.,spam
"Şimdi başvur, büyük ödülü kazan.",spam
Kazandınız! Ödülünüzü almak için linke tıklayın.,spam
Kazandınız! Ödülünüzü almak için linke tıklayın.,spam
Kazandınız! Ödülünüzü almak için linke tıklayın.,spam
"Hesabınız askıya alındı, bilgilerinizi giriniz.",spam
"Tebrikler! telefon kazandınız, hemen tıklayın.",spam
Ücretsiz hediye sizi bekliyor.,spam
Ücretsiz hediye sizi bekliyor.,spam
Ücretsiz hediye sizi bekliyor.,spam
"Hesabınız askıya alındı, bilgilerinizi giriniz.",spam
Ücretsiz hediye sizi bekliyor.,spam
Bedava telefon kazanmak için linke tıklayın.,spam
Sadece bugün geçerli fırsat!,spam
"Şimdi başvur, büyük ödülü kazan.",spam
Bedava hediye kazanmak için linke tıklayın.,spam
"Şimdi başvur, büyük ödülü kazan.",spam
Sadece bugün geçerli fırsat!,spam
Bedava tablet kazanmak için linke tıklayın.,spam
"Hesabınız askıya alındı, bilgilerinizi giriniz.",spam
Bedava hediye kazanmak için linke tıklayın.,spam
Sadece bugün geçerli fırsat!,spam
25.000 TL kredi hemen hesabınıza.,spam
Acil! Hesabınızı doğrulayın.,spam
Ücretsiz hediye sizi bekliyor.,spam
"Şimdi başvur, büyük ödülü kazan.",spam
100.000 TL kredi hemen hesabınıza.,spam
Sadece bugün geçerli fırsat!,spam
50.000 TL kredi hemen hesabınıza.,spam
Son şans! Büyük indirim fırsatını kaçırmayın.,spam
Bedava telefon kazanmak için linke tıklayın.,spam
25.000 TL kredi hemen hesabınıza.,spam
Son şans! Büyük indirim fırsatını kaçırmayın.,spam
100.000 TL kredi hemen hesabınıza.,spam
Sadece bugün geçerli fırsat!,spam
Ücretsiz hediye sizi bekliyor.,spam
Sadece bugün geçerli fırsat!,spam
"Şimdi başvur, büyük ödülü kazan.",spam
Kazandınız! Ödülünüzü almak için linke tıklayın.,spam
"Hesabınız askıya alındı, bilgilerinizi giriniz.",spam
Bedava telefon kazanmak için linke tıklayın.,spam
Son şans! Büyük indirim fırsatını kaçırmayın.,spam
Acil! Hesabınızı doğrulayın.,spam
"Hesabınız askıya alındı, bilgilerinizi giriniz.",spam
"Hesabınız askıya alındı, bilgilerinizi giriniz.",spam
"Şimdi başvur, büyük ödülü kazan.",spam
"Şimdi başvur, büyük ödülü kazan.",spam
"Hesabınız askıya alındı, bilgilerinizi giriniz.",spam
Kazandınız! Ödülünüzü almak için linke tıklayın.,spam
Acil! Hesabınızı doğrulayın.,spam
25.000 TL kredi hemen hesabınıza.,spam
100.000 TL kredi hemen hesabınıza.,spam
Ücretsiz hediye sizi bekliyor.,spam
"Hesabınız askıya alındı, bilgilerinizi giriniz.",spam
Son şans! Büyük indirim fırsatını kaçırmayın.,spam
Ücretsiz hediye sizi bekliyor.,spam
"Şimdi başvur, büyük ödülü kazan.",spam
Acil! Hesabınızı doğrulayın.,spam
Sadece bugün geçerli fırsat!,spam
50.000 TL kredi hemen hesabınıza.,spam
Sadece bugün geçerli fırsat!,spam
"Tebrikler! büyük ödül kazandınız, hemen tıklayın.",spam
25.000 TL kredi hemen hesabınıza.,spam
"Tebrikler! büyük ödül kazandınız, hemen tıklayın.",spam
Son şans! Büyük indirim fırsatını kaçırmayın.,spam
Kazandınız! Ödülünüzü almak için linke tıklayın.,spam
Ücretsiz hediye sizi bekliyor.,spam
Son şans! Büyük indirim fırsatını kaçırmayın.,spam
"Tebrikler! hediye çeki kazandınız, hemen tıklayın.",spam
"Hesabınız askıya alındı, bilgilerinizi giriniz.",spam
Kazandınız! Ödülünüzü almak için linke tıklayın.,spam
Bedava tablet kazanmak için linke tıklayın.,spam
Son şans! Büyük indirim fırsatını kaçırmayın.,spam
"Hesabınız askıya alındı, bilgilerinizi giriniz.",spam
Acil! Hesabınızı doğrulayın.,spam
"Tebrikler! hediye çeki kazandınız, hemen tıklayın.",spam
"Tebrikler! telefon kazandınız, hemen tıklayın.",spam
Bedava telefon kazanmak için linke tıklayın.,spam
Son şans! Büyük indirim fırsatını kaçırmayın.,spam
Ücretsiz hediye sizi bekliyor.,spam
Sadece bugün geçerli fırsat!,spam
Acil! Hesabınızı doğrulayın.,spam
Sadece bugün geçerli fırsat!,spam
Acil! Hesabınızı doğrulayın.,spam
"Hesabınız askıya alındı, bilgilerinizi giriniz.",spam
"Tebrikler! büyük ödül kazandınız, hemen tıklayın.",spam
Son şans! Büyük indirim fırsatını kaçırmayın.,spam
"Şimdi başvur, büyük ödülü kazan.",spam
Kazandınız! Ödülünüzü almak için linke tıklayın.,spam
50.000 TL kredi hemen hesabınıza.,spam
"Hesabınız askıya alındı, bilgilerinizi giriniz.",spam
"Şimdi başvur, büyük ödülü kazan.",spam
Sadece bugün geçerli fırsat!,spam
Sadece bugün geçerli fırsat!,spam
Bedava telefon kazanmak için linke tıklayın.,spam
Acil! Hesabınızı doğrulayın.,spam
"Hesabınız askıya alındı, bilgilerinizi giriniz.",spam
"Şimdi başvur, büyük ödülü kazan.",spam
Son şans! Büyük indirim fırsatını kaçırmayın.,spam
50.000 TL kredi hemen hesabınıza.,spam
"Tebrikler! hediye çeki kazandınız, hemen tıklayın.",spam
Sadece bugün geçerli fırsat!,spam
Bedava tablet kazanmak için linke tıklayın.,spam
Acil! Hesabınızı doğrulayın.,spam
Kazandınız! Ödülünüzü almak için linke tıklayın.,spam
25.000 TL kredi hemen hesabınıza.,spam
50.000 TL kredi hemen hesabınıza.,spam
"Hesabınız askıya alındı, bilgilerinizi giriniz.",spam
Acil! Hesabınızı doğrulayın.,spam
Ücretsiz hediye sizi bekliyor.,spam
"Tebrikler! büyük ödül kazandınız, hemen tıklayın.",spam
Sadece bugün geçerli fırsat!,spam
"Tebrikler! büyük ödül kazandınız, hemen tıklayın.",spam
Kazandınız! Ödülünüzü almak için linke tıklayın.,spam
"Şimdi başvur, büyük ödülü kazan.",spam
Kazandınız! Ödülünüzü almak için linke tıklayın.,spam
"Şimdi başvur, büyük ödülü kazan.",spam
Ücretsiz hediye sizi bekliyor.,spam
25.000 TL kredi hemen hesabınıza.,spam
Sadece bugün geçerli fırsat!,spam
"Şimdi başvur, büyük ödülü kazan.",spam
"Şimdi başvur, büyük ödülü kazan.",spam
Acil! Hesabınızı doğrulayın.,spam
Son şans! Büyük indirim fırsatını kaçırmayın.,spam
25.000 TL kredi hemen hesabınıza.,spam
Kazandınız! Ödülünüzü almak için linke tıklayın.,spam
"Hesabınız askıya alındı, bilgilerinizi giriniz.",spam
Son şans! Büyük indirim fırsatını kaçırmayın.,spam
Sadece bugün geçerli fırsat!,spam
Bedava telefon kazanmak için linke tıklayın.,spam
"Tebrikler! hediye çeki kazandınız, hemen tıklayın.",spam
Acil! Hesabınızı doğrulayın.,spam
"Hesabınız askıya alındı, bilgilerinizi giriniz.",spam
Ücretsiz hediye sizi bekliyor.,spam
Acil! Hesabınızı doğrulayın.,spam
100.000 TL kredi hemen hesabınıza.,spam
Bedava telefon kazanmak için linke tıklayın.,spam
Sadece bugün geçerli fırsat!,spam
"Tebrikler! büyük ödül kazandınız, hemen tıklayın.",spam
Sadece bugün geçerli fırsat!,spam
Kazandınız! Ödülünüzü almak için linke tıklayın.,spam
Son şans! Büyük indirim fırsatını kaçırmayın.,spam
Kazandınız! Ödülünüzü almak için linke tıklayın.,spam
Acil! Hesabınızı doğrulayın.,spam
"Tebrikler! hediye çeki kazandınız, hemen tıklayın.",spam
Kazandınız! Ödülünüzü almak için linke tıklayın.,spam
"Şimdi başvur, büyük ödülü kazan.",spam
Ücretsiz hediye sizi bekliyor.,spam
Ücretsiz hediye sizi bekliyor.,spam
Acil! Hesabınızı doğrulayın.,spam
Sadece bugün geçerli fırsat!,spam
Kazandınız! Ödülünüzü almak için linke tıklayın.,spam
Son şans! Büyük indirim fırsatını kaçırmayın.,spam
Ücretsiz hediye sizi bekliyor.,spam
Son şans! Büyük indirim fırsatını kaçırmayın.,spam
Sadece bugün geçerli fırsat!,spam
"Tebrikler! telefon kazandınız, hemen tıklayın.",spam
Sadece bugün geçerli fırsat!,spam
Ücretsiz hediye sizi bekliyor.,spam
"Hesabınız askıya alındı, bilgilerinizi giriniz.",spam
"Hesabınız askıya alındı, bilgilerinizi giriniz.",spam
"Tebrikler! hediye çeki kazandınız, hemen tıklayın.",spam
"Tebrikler! telefon kazandınız, hemen tıklayın.",spam
Acil! Hesabınızı doğrulayın.,spam
"Tebrikler! büyük ödül kazandınız, hemen tıklayın.",spam
25.000 TL kredi hemen hesabınıza.,spam
Son şans! Büyük indirim fırsatını kaçırmayın.,spam
Son şans! Büyük indirim fırsatını kaçırmayın.,spam
Son şans! Büyük indirim fırsatını kaçırmayın.,spam
Acil! Hesabınızı doğrulayın.,spam
"Hesabınız askıya alındı, bilgilerinizi giriniz.",spam
Son şans! Büyük indirim fırsatını kaçırmayın.,spam
Son şans! Büyük indirim fırsatını kaçırmayın.,spam
Acil! Hesabınızı doğrulayın.,spam
100.000 TL kredi hemen hesabınıza.,spam
"Şimdi başvur, büyük ödülü kazan.",spam
"Hesabınız askıya alındı, bilgilerinizi giriniz.",spam
Sadece bugün geçerli fırsat!,spam
Kazandınız! Ödülünüzü almak için linke tıklayın.,spam
Sadece bugün geçerli fırsat!,spam
"Şimdi başvur, büyük ödülü kazan.",spam
25.000 TL kredi hemen hesabınıza.,spam
Bedava hediye kazanmak için linke tıklayın.,spam
Son şans! Büyük indirim fırsatını kaçırmayın.,spam
Sadece bugün geçerli fırsat!,spam
"Tebrikler! telefon kazandınız, hemen tıklayın.",spam
50.000 TL kredi hemen hesabınıza.,spam
Acil! Hesabınızı doğrulayın.,spam
100.000 TL kredi hemen hesabınıza.,spam
Sadece bugün geçerli fırsat!,spam
"Şimdi başvur, büyük ödülü kazan.",spam
Ücretsiz hediye sizi bekliyor.,spam
Acil! Hesabınızı doğrulayın.,spam
"Şimdi başvur, büyük ödülü kazan.",spam
"Hesabınız askıya alındı, bilgilerinizi giriniz.",spam
"Tebrikler! büyük ödül kazandınız, hemen tıklayın.",spam
"Tebrikler! hediye çeki kazandınız, hemen tıklayın.",spam
Kazandınız! Ödülünüzü almak için linke tıklayın.,spam
"Tebrikler! telefon kazandınız, hemen tıklayın.",spam
"Hesabınız askıya alındı, bilgilerinizi giriniz.",spam
Ücretsiz hediye sizi bekliyor.,spam
Ücretsiz hediye sizi bekliyor.,spam
"Şimdi başvur, büyük ödülü kazan.",spam
"Şimdi başvur, büyük ödülü kazan.",spam
"Hesabınız askıya alındı, bilgilerinizi giriniz.",spam
Son şans! Büyük indirim fırsatını kaçırmayın.,spam
"Şimdi başvur, büyük ödülü kazan.",spam
"Hesabınız askıya alındı, bilgilerinizi giriniz.",spam
Acil! Hesabınızı doğrulayın.,spam
Acil! Hesabınızı doğrulayın.,spam
"Şimdi başvur, büyük ödülü kazan.",spam
Bedava telefon kazanmak için linke tıklayın.,spam
Acil! Hesabınızı doğrulayın.,spam
"Hesabınız askıya alındı, bilgilerinizi giriniz.",spam
Bedava telefon kazanmak için linke tıklayın.,spam
"Hesabınız askıya alındı, bilgilerinizi giriniz.",spam
"Hesabınız askıya alındı, bilgilerinizi giriniz.",spam
25.000 TL kredi hemen hesabınıza.,spam
Bedava telefon kazanmak için linke tıklayın.,spam
Son şans! Büyük indirim fırsatını kaçırmayın.,spam
25.000 TL kredi hemen hesabınıza.,spam
Ücretsiz hediye sizi bekliyor.,spam
"Şimdi başvur, büyük ödülü kazan.",spam
"Şimdi başvur, büyük ödülü kazan.",spam
"Şimdi başvur, büyük ödülü kazan.",spam
"Hesabınız askıya alındı, bilgilerinizi giriniz.",spam
Sadece bugün geçerli fırsat!,spam
Son şans! Büyük indirim fırsatını kaçırmayın.,spam
Acil! Hesabınızı doğrulayın.,spam
"Şimdi başvur, büyük ödülü kazan.",spam
Son şans! Büyük indirim fırsatını kaçırmayın.,spam
Bedava telefon kazanmak için linke tıklayın.,spam
"Şimdi başvur, büyük ödülü kazan.",spam
25.000 TL kredi hemen hesabınıza.,spam
Ücretsiz hediye sizi bekliyor.,spam
Ücretsiz hediye sizi bekliyor.,spam
Kazandınız! Ödülünüzü almak için linke tıklayın.,spam
"Şimdi başvur, büyük ödülü kazan.",spam
Bedava tablet kazanmak için linke tıklayın.,spam
50.000 TL kredi hemen hesabınıza.,spam
50.000 TL kredi hemen hesabınıza.,spam
"Tebrikler! telefon kazandınız, hemen tıklayın.",spam
Acil! Hesabınızı doğrulayın.,spam
Bedava tablet kazanmak için linke tıklayın.,spam
Bedava telefon kazanmak için linke tıklayın.,spam
50.000 TL kredi hemen hesabınıza.,spam
Bedava telefon kazanmak için linke tıklayın.,spam
Son şans! Büyük indirim fırsatını kaçırmayın.,spam
Kazandınız! Ödülünüzü almak için linke tıklayın.,spam
Sadece bugün geçerli fırsat!,spam
"Şimdi başvur, büyük ödülü kazan.",spam
Acil! Hesabınızı doğrulayın.,spam
"Hesabınız askıya alındı, bilgilerinizi giriniz.",spam
Acil! Hesabınızı doğrulayın.,spam
Kazandınız! Ödülünüzü almak için linke tıklayın.,spam
Ücretsiz hediye sizi bekliyor.,spam
Kazandınız! Ödülünüzü almak için linke tıklayın.,spam
Sadece bugün geçerli fırsat!,spam
Kazandınız! Ödülünüzü almak için linke tıklayın.,spam
100.000 TL kredi hemen hesabınıza.,spam
"Hesabınız askıya alındı, bilgilerinizi giriniz.",spam
Bedava hediye kazanmak için linke tıklayın.,spam
Bedava tablet kazanmak için linke tıklayın.,spam
Sadece bugün geçerli fırsat!,spam
Sadece bugün geçerli fırsat!,spam
"Şimdi başvur, büyük ödülü kazan.",spam
Bedava tablet kazanmak için linke tıklayın.,spam
Ücretsiz hediye sizi bekliyor.,spam
100.000 TL kredi hemen hesabınıza.,spam
Bedava telefon kazanmak için linke tıklayın.,spam
"Şimdi başvur, büyük ödülü kazan.",spam
Ücretsiz hediye sizi bekliyor.,spam
Sadece bugün geçerli fırsat!,spam
25.000 TL kredi hemen hesabınıza.,spam
"Tebrikler! hediye çeki kazandınız, hemen tıklayın.",spam
Acil! Hesabınızı doğrulayın.,spam
Bedava telefon kazanmak için linke tıklayın.,spam
"Tebrikler! telefon kazandınız, hemen tıklayın.",spam
"Şimdi başvur, büyük ödülü kazan.",spam
Ücretsiz hediye sizi bekliyor.,spam
Sadece bugün geçerli fırsat!,spam
"Şimdi başvur, büyük ödülü kazan.",spam
"Tebrikler! hediye çeki kazandınız, hemen tıklayın.",spam
Bedava tablet kazanmak için linke tıklayın.,spam
Sadece bugün geçerli fırsat!,spam
"Şimdi başvur, büyük ödülü kazan.",spam
Acil! Hesabınızı doğrulayın.,spam
"Hesabınız askıya alındı, bilgilerinizi giriniz.",spam
Sadece bugün geçerli fırsat!,spam
"Tebrikler! hediye çeki kazandınız, hemen tıklayın.",spam
Sadece bugün geçerli fırsat!,spam
Acil! Hesabınızı doğrulayın.,spam
"Tebrikler! telefon kazandınız, hemen tıklayın.",spam
Ücretsiz hediye sizi bekliyor.,spam
Bedava telefon kazanmak için linke tıklayın.,spam
Son şans! Büyük indirim fırsatını kaçırmayın.,spam
"Şimdi başvur, büyük ödülü kazan.",spam
Ücretsiz hediye sizi bekliyor.,spam
"Tebrikler! telefon kazandınız, hemen tıklayın.",spam
"Hesabınız askıya alındı, bilgilerinizi giriniz.",spam
"Hesabınız askıya alındı, bilgilerinizi giriniz.",spam
Ücretsiz hediye sizi bekliyor.,spam
"Hesabınız askıya alındı, bilgilerinizi giriniz.",spam
"Hesabınız askıya alındı, bilgilerinizi giriniz.",spam
Son şans! Büyük indirim fırsatını kaçırmayın.,spam
"Şimdi başvur, büyük ödülü kazan.",spam
"Şimdi başvur, büyük ödülü kazan.",spam
Kazandınız! Ödülünüzü almak için linke tıklayın.,spam
Son şans! Büyük indirim fırsatını kaçırmayın.,spam
Sadece bugün geçerli fırsat!,spam
"Hesabınız askıya alındı, bilgilerinizi giriniz.",spam
"Şimdi başvur, büyük ödülü kazan.",spam
50.000 TL kredi hemen hesabınıza.,spam
Sadece bugün geçerli fırsat!,spam
Son şans! Büyük indirim fırsatını kaçırmayın.,spam
"Tebrikler! hediye çeki kazandınız, hemen tıklayın.",spam
100.000 TL kredi hemen hesabınıza.,spam
Kazandınız! Ödülünüzü almak için linke tıklayın.,spam
"Tebrikler! büyük ödül kazandınız, hemen tıklayın.",spam
Bedava hediye kazanmak için linke tıklayın.,spam
"Şimdi başvur, büyük ödülü kazan.",spam
Ücretsiz hediye sizi bekliyor.,spam
Kazandınız! Ödülünüzü almak için linke tıklayın.,spam
Sadece bugün geçerli fırsat!,spam
"Tebrikler! büyük ödül kazandınız, hemen tıklayın.",spam
Sadece bugün geçerli fırsat!,spam
"Tebrikler! telefon kazandınız, hemen tıklayın.",spam
Son şans! Büyük indirim fırsatını kaçırmayın.,spam
Kazandınız! Ödülünüzü almak için linke tıklayın.,spam
Acil! Hesabınızı doğrulayın.,spam
Ücretsiz hediye sizi bekliyor.,spam
Kazandınız! Ödülünüzü almak için linke tıklayın.,spam
Bedava hediye kazanmak için linke tıklayın.,spam
Sadece bugün geçerli fırsat!,spam
"Tebrikler! hediye çeki kazandınız, hemen tıklayın.",spam
Acil! Hesabınızı doğrulayın.,spam
Son şans! Büyük indirim fırsatını kaçırmayın.,spam
Kazandınız! Ödülünüzü almak için linke tıklayın.,spam
Acil! Hesabınızı doğrulayın.,spam
Sadece bugün geçerli fırsat!,spam
Bedava hediye kazanmak için linke tıklayın.,spam
"Tebrikler! hediye çeki kazandınız, hemen tıklayın.",spam
Bedava hediye kazanmak için linke tıklayın.,spam
"Şimdi başvur, büyük ödülü kazan.",spam
Acil! Hesabınızı doğrulayın.,spam
Acil! Hesabınızı doğrulayın.,spam
Bedava telefon kazanmak için linke tıklayın.,spam
"Şimdi başvur, büyük ödülü kazan.",spam
Ücretsiz hediye sizi bekliyor.,spam
Sadece bugün geçerli fırsat!,spam
Son şans! Büyük indirim fırsatını kaçırmayın.,spam
Acil! Hesabınızı doğrulayın.,spam
Sadece bugün geçerli fırsat!,spam
Bedava telefon kazanmak için linke tıklayın.,spam
Sadece bugün geçerli fırsat!,spam
"Şimdi başvur, büyük ödülü kazan.",spam
"Hesabınız askıya alındı, bilgilerinizi giriniz.",spam
"Şimdi başvur, büyük ödülü kazan.",spam
Acil! Hesabınızı doğrulayın.,spam
"Tebrikler! büyük ödül kazandınız, hemen tıklayın.",spam
25.000 TL kredi hemen hesabınıza.,spam
25.000 TL kredi hemen hesabınıza.,spam
"Tebrikler! hediye çeki kazandınız, hemen tıklayın.",spam
"Tebrikler! hediye çeki kazandınız, hemen tıklayın.",spam
Ücretsiz hediye sizi bekliyor.,spam
"Tebrikler! büyük ödül kazandınız, hemen tıklayın.",spam
Ücretsiz hediye sizi bekliyor.,spam
Son şans! Büyük indirim fırsatını kaçırmayın.,spam
Sadece bugün geçerli fırsat!,spam
"Hesabınız askıya alındı, bilgilerinizi giriniz.",spam
Kazandınız! Ödülünüzü almak için linke tıklayın.,spam
"Hesabınız askıya alındı, bilgilerinizi giriniz.",spam
Son şans! Büyük indirim fırsatını kaçırmayın.,spam
"Şimdi başvur, büyük ödülü kazan.",spam
25.000 TL kredi hemen hesabınıza.,spam
Kazandınız! Ödülünüzü almak için linke tıklayın.,spam
25.000 TL kredi hemen hesabınıza.,spam
Acil! Hesabınızı doğrulayın.,spam
Ücretsiz hediye sizi bekliyor.,spam
Kazandınız! Ödülünüzü almak için linke tıklayın.,spam
Ücretsiz hediye sizi bekliyor.,spam
100.000 TL kredi hemen hesabınıza.,spam
"Tebrikler! hediye çeki kazandınız, hemen tıklayın.",spam
Ücretsiz hediye sizi bekliyor.,spam
Ücretsiz hediye sizi bekliyor.,spam
Acil! Hesabınızı doğrulayın.,spam
"Şimdi başvur, büyük ödülü kazan.",spam
50.000 TL kredi hemen hesabınıza.,spam
"Tebrikler! hediye çeki kazandınız, hemen tıklayın.",spam
Sadece bugün geçerli fırsat!,spam
Acil! Hesabınızı doğrulayın.,spam
"Hesabınız askıya alındı, bilgilerinizi giriniz.",spam
Acil! Hesabınızı doğrulayın.,spam
Ücretsiz hediye sizi bekliyor.,spam
Ücretsiz hediye sizi bekliyor.,spam
"Hesabınız askıya alındı, bilgilerinizi giriniz.",spam
Son şans! Büyük indirim fırsatını kaçırmayın.,spam
Ücretsiz hediye sizi bekliyor.,spam
25.000 TL kredi hemen hesabınıza.,spam
"Hesabınız askıya alındı, bilgilerinizi giriniz.",spam
"Şimdi başvur, büyük ödülü kazan.",spam
"Hesabınız askıya alındı, bilgilerinizi giriniz.",spam
Ücretsiz hediye sizi bekliyor.,spam
Son şans! Büyük indirim fırsatını kaçırmayın.,spam
Ücretsiz hediye sizi bekliyor.,spam
"Şimdi başvur, büyük ödülü kazan.",spam
Kazandınız! Ödülünüzü almak için linke tıklayın.,spam
"Hesabınız askıya alındı, bilgilerinizi giriniz.",spam
Son şans! Büyük indirim fırsatını kaçırmayın.,spam
Sadece bugün geçerli fırsat!,spam
Acil! Hesabınızı doğrulayın.,spam
Sadece bugün geçerli fırsat!,spam
Kazandınız! Ödülünüzü almak için linke tıklayın.,spam
"Tebrikler! telefon kazandınız, hemen tıklayın.",spam
Bedava hediye kazanmak için linke tıklayın.,spam
Ücretsiz hediye sizi bekliyor.,spam
Acil! Hesabınızı doğrulayın.,spam
Sadece bugün geçerli fırsat!,spam
"Tebrikler! hediye çeki kazandınız, hemen tıklayın.",spam
"Şimdi başvur, büyük ödülü kazan.",spam
"Şimdi başvur, büyük ödülü kazan.",spam
Acil! Hesabınızı doğrulayın.,spam
"Tebrikler! hediye çeki kazandınız, hemen tıklayın.",spam
"Tebrikler! büyük ödül kazandınız, hemen tıklayın.",spam
Sadece bugün geçerli fırsat!,spam
100.000 TL kredi hemen hesabınıza.,spam
Sadece bugün geçerli fırsat!,spam
Bedava tablet kazanmak için linke tıklayın.,spam
25.000 TL kredi hemen hesabınıza.,spam
Ücretsiz hediye sizi bekliyor.,spam
Bedava hediye kazanmak için linke tıklayın.,spam
100.000 TL kredi hemen hesabınıza.,spam
"Hesabınız askıya alındı, bilgilerinizi giriniz.",spam
Ücretsiz hediye sizi bekliyor.,spam
Ücretsiz hediye sizi bekliyor.,spam
Son şans! Büyük indirim fırsatını kaçırmayın.,spam
"Şimdi başvur, büyük ödülü kazan.",spam
Son şans! Büyük indirim fırsatını kaçırmayın.,spam
"Şimdi başvur, büyük ödülü kazan.",spam
"Tebrikler! hediye çeki kazandınız, hemen tıklayın.",spam
Bedava tablet kazanmak için linke tıklayın.,spam
"Hesabınız askıya alındı, bilgilerinizi giriniz.",spam
25.000 TL kredi hemen hesabınıza.,spam
"Hesabınız askıya alındı, bilgilerinizi giriniz.",spam
Kazandınız! Ödülünüzü almak için linke tıklayın.,spam
Sadece bugün geçerli fırsat!,spam
Ücretsiz hediye sizi bekliyor.,spam
25.000 TL kredi hemen hesabınıza.,spam
Ücretsiz hediye sizi bekliyor.,spam
Acil! Hesabınızı doğrulayın.,spam
"Tebrikler! büyük ödül kazandınız, hemen tıklayın.",spam
"Şimdi başvur, büyük ödülü kazan.",spam
Ücretsiz hediye sizi bekliyor.,spam
Ücretsiz hediye sizi bekliyor.,spam
Acil! Hesabınızı doğrulayın.,spam
"Tebrikler! telefon kazandınız, hemen tıklayın.",spam
"Tebrikler! telefon kazandınız, hemen tıklayın.",spam
Kazandınız! Ödülünüzü almak için linke tıklayın.,spam
"Hesabınız askıya alındı, bilgilerinizi giriniz.",spam
Bedava tablet kazanmak için linke tıklayın.,spam
Bedava hediye kazanmak için linke tıklayın.,spam
Ücretsiz hediye sizi bekliyor.,spam
25.000 TL kredi hemen hesabınıza.,spam
Son şans! Büyük indirim fırsatını kaçırmayın.,spam
"Tebrikler! büyük ödül kazandınız, hemen tıklayın.",spam
"Tebrikler! büyük ödül kazandınız, hemen tıklayın.",spam
"Tebrikler! büyük ödül kazandınız, hemen tıklayın.",spam
100.000 TL kredi hemen hesabınıza.,spam
Acil! Hesabınızı doğrulayın.,spam
Acil! Hesabınızı doğrulayın.,spam
50.000 TL kredi hemen hesabınıza.,spam
Acil! Hesabınızı doğrulayın.,spam
Sadece bugün geçerli fırsat!,spam
"Hesabınız askıya alındı, bilgilerinizi giriniz.",spam
Bedava hediye kazanmak için linke tıklayın.,spam
Son şans! Büyük indirim fırsatını kaçırmayın.,spam
Bedava tablet kazanmak için linke tıklayın.,spam
Son şans! Büyük indirim fırsatını kaçırmayın.,spam
"Şimdi başvur, büyük ödülü kazan.",spam
Kazandınız! Ödülünüzü almak için linke tıklayın.,spam
"Tebrikler! hediye çeki kazandınız, hemen tıklayın.",spam
100.000 TL kredi hemen hesabınıza.,spam
Kazandınız! Ödülünüzü almak için linke tıklayın.,spam
Bedava tablet kazanmak için linke tıklayın.,spam
"Şimdi başvur, büyük ödülü kazan.",spam
Kazandınız! Ödülünüzü almak için linke tıklayın.,spam
"Hesabınız askıya alındı, bilgilerinizi giriniz.",spam
"Tebrikler! büyük ödül kazandınız, hemen tıklayın.",spam
50.000 TL kredi hemen hesabınıza.,spam
Ücretsiz hediye sizi bekliyor.,spam
Kazandınız! Ödülünüzü almak için linke tıklayın.,spam
Bedava tablet kazanmak için linke tıklayın.,spam
"Şimdi başvur, büyük ödülü kazan.",spam
Son şans! Büyük indirim fırsatını kaçırmayın.,spam
Acil! Hesabınızı doğrulayın.,spam
Sadece bugün geçerli fırsat!,spam
50.000 TL kredi hemen hesabınıza.,spam
"Tebrikler! telefon kazandınız, hemen tıklayın.",spam
Acil! Hesabınızı doğrulayın.,spam
Kazandınız! Ödülünüzü almak için linke tıklayın.,spam
"Tebrikler! hediye çeki kazandınız, hemen tıklayın.",spam
"Şimdi başvur, büyük ödülü kazan.",spam
Acil! Hesabınızı doğrulayın.,spam
Son şans! Büyük indirim fırsatını kaçırmayın.,spam
"Hesabınız askıya alındı, bilgilerinizi giriniz.",spam
Ücretsiz hediye sizi bekliyor.,spam
Bedava tablet kazanmak için linke tıklayın.,spam
Ücretsiz hediye sizi bekliyor.,spam
"Tebrikler! hediye çeki kazandınız, hemen tıklayın.",spam
Ücretsiz hediye sizi bekliyor.,spam
Ücretsiz hediye sizi bekliyor.,spam
Ücretsiz hediye sizi bekliyor.,spam
50.000 TL kredi hemen hesabınıza.,spam
Kazandınız! Ödülünüzü almak için linke tıklayın.,spam
Sadece bugün geçerli fırsat!,spam
Kazandınız! Ödülünüzü almak için linke tıklayın.,spam
Bedava tablet kazanmak için linke tıklayın.,spam
Son şans! Büyük indirim fırsatını kaçırmayın.,spam
100.000 TL kredi hemen hesabınıza.,spam
50.000 TL kredi hemen hesabınıza.,spam
"Hesabınız askıya alındı, bilgilerinizi giriniz.",spam
Ücretsiz hediye sizi bekliyor.,spam
Kazandınız! Ödülünüzü almak için linke tıklayın.,spam
Son şans! Büyük indirim fırsatını kaçırmayın.,spam
Son şans! Büyük indirim fırsatını kaçırmayın.,spam
Kazandınız! Ödülünüzü almak için linke tıklayın.,spam
Bedava tablet kazanmak için linke tıklayın.,spam
"Şimdi başvur, büyük ödülü kazan.",spam
Son şans! Büyük indirim fırsatını kaçırmayın.,spam
"Hesabınız askıya alındı, bilgilerinizi giriniz.",spam
"Hesabınız askıya alındı, bilgilerinizi giriniz.",spam
"Tebrikler! telefon kazandınız, hemen tıklayın.",spam
"Şimdi başvur, büyük ödülü kazan.",spam
"Hesabınız askıya alındı, bilgilerinizi giriniz.",spam
Bedava telefon kazanmak için linke tıklayın.,spam
"Tebrikler! telefon kazandınız, hemen tıklayın.",spam
Acil! Hesabınızı doğrulayın.,spam
"Tebrikler! hediye çeki kazandınız, hemen tıklayın.",spam
Acil! Hesabınızı doğrulayın.,spam
"Şimdi başvur, büyük ödülü kazan.",spam
100.000 TL kredi hemen hesabınıza.,spam
50.000 TL kredi hemen hesabınıza.,spam
"Şimdi başvur, büyük ödülü kazan.",spam
Kazandınız! Ödülünüzü almak için linke tıklayın.,spam
Bedava hediye kazanmak için linke tıklayın.,spam
"Tebrikler! telefon kazandınız, hemen tıklayın.",spam
Son şans! Büyük indirim fırsatını kaçırmayın.,spam
Bedava hediye kazanmak için linke tıklayın.,spam
Kazandınız! Ödülünüzü almak için linke tıklayın.,spam
Bedava tablet kazanmak için linke tıklayın.,spam
"Şimdi başvur, büyük ödülü kazan.",spam
Son şans! Büyük indirim fırsatını kaçırmayın.,spam
"Hesabınız askıya alındı, bilgilerinizi giriniz.",spam
"Hesabınız askıya alındı, bilgilerinizi giriniz.",spam
"Hesabınız askıya alındı, bilgilerinizi giriniz.",spam
"Şimdi başvur, büyük ödülü kazan.",spam
Son şans! Büyük indirim fırsatını kaçırmayın.,spam
Ücretsiz hediye sizi bekliyor.,spam
"Hesabınız askıya alındı, bilgilerinizi giriniz.",spam
"Tebrikler! hediye çeki kazandınız, hemen tıklayın.",spam
Sadece bugün geçerli fırsat!,spam
Kazandınız! Ödülünüzü almak için linke tıklayın.,spam
Ücretsiz hediye sizi bekliyor.,spam
Ücretsiz hediye sizi bekliyor.,spam
"Tebrikler! büyük ödül kazandınız, hemen tıklayın.",spam
"Tebrikler! büyük ödül kazandınız, hemen tıklayın.",spam
"Tebrikler! telefon kazandınız, hemen tıklayın.",spam
"Şimdi başvur, büyük ödülü kazan.",spam
Bedava tablet kazanmak için linke tıklayın.,spam
Bedava hediye kazanmak için linke tıklayın.,spam
50.000 TL kredi hemen hesabınıza.,spam
"Şimdi başvur, büyük ödülü kazan.",spam
Ücretsiz hediye sizi bekliyor.,spam
Acil! Hesabınızı doğrulayın.,spam
Sadece bugün geçerli fırsat!,spam
"Tebrikler! telefon kazandınız, hemen tıklayın.",spam
Ücretsiz hediye sizi bekliyor.,spam
Acil! Hesabınızı doğrulayın.,spam
Ücretsiz hediye sizi bekliyor.,spam
Bedava tablet kazanmak için linke tıklayın.,spam
25.000 TL kredi hemen hesabınıza.,spam
100.000 TL kredi hemen hesabınıza.,spam
100.000 TL kredi hemen hesabınıza.,spam
"Tebrikler! hediye çeki kazandınız, hemen tıklayın.",spam
Kazandınız! Ödülünüzü almak için linke tıklayın.,spam
"Şimdi başvur, büyük ödülü kazan.",spam
"Tebrikler! telefon kazandınız, hemen tıklayın.",spam
"Hesabınız askıya alındı, bilgilerinizi giriniz.",spam
Son şans! Büyük indirim fırsatını kaçırmayın.,spam
Acil! Hesabınızı doğrulayın.,spam
"Şimdi başvur, büyük ödülü kazan.",spam
Kazandınız! Ödülünüzü almak için linke tıklayın.,spam
"Şimdi başvur, büyük ödülü kazan.",spam
Kazandınız! Ödülünüzü almak için linke tıklayın.,spam
Son şans! Büyük indirim fırsatını kaçırmayın.,spam
"Tebrikler! büyük ödül kazandınız, hemen tıklayın.",spam
"Tebrikler! hediye çeki kazandınız, hemen tıklayın.",spam
"Hesabınız askıya alındı, bilgilerinizi giriniz.",spam
Sadece bugün geçerli fırsat!,spam
Son şans! Büyük indirim fırsatını kaçırmayın.,spam
Acil! Hesabınızı doğrulayın.,spam
Ücretsiz hediye sizi bekliyor.,spam
Bedava tablet kazanmak için linke tıklayın.,spam
"Şimdi başvur, büyük ödülü kazan.",spam
50.000 TL kredi hemen hesabınıza.,spam
Sadece bugün geçerli fırsat!,spam
Kazandınız! Ödülünüzü almak için linke tıklayın.,spam
Sadece bugün geçerli fırsat!,spam
"Tebrikler! hediye çeki kazandınız, hemen tıklayın.",spam
Sadece bugün geçerli fırsat!,spam
"Hesabınız askıya alındı, bilgilerinizi giriniz.",spam
Bedava tablet kazanmak için linke tıklayın.,spam
Son şans! Büyük indirim fırsatını kaçırmayın.,spam
Acil! Hesabınızı doğrulayın.,spam
Bedava hediye kazanmak için linke tıklayın.,spam
25.000 TL kredi hemen hesabınıza.,spam
100.000 TL kredi hemen hesabınıza.,spam
Ücretsiz hediye sizi bekliyor.,spam
Kazandınız! Ödülünüzü almak için linke tıklayın.,spam
Kazandınız! Ödülünüzü almak için linke tıklayın.,spam
"Şimdi başvur, büyük ödülü kazan.",spam
25.000 TL kredi hemen hesabınıza.,spam
Sadece bugün geçerli fırsat!,spam
50.000 TL kredi hemen hesabınıza.,spam
100.000 TL kredi hemen hesabınıza.,spam
Acil! Hesabınızı doğrulayın.,spam
"Hesabınız askıya alındı, bilgilerinizi giriniz.",spam
50.000 TL kredi hemen hesabınıza.,spam
"Hesabınız askıya alındı, bilgilerinizi giriniz.",spam
"Hesabınız askıya alındı, bilgilerinizi giriniz.",spam
Bedava hediye kazanmak için linke tıklayın.,spam
Bedava tablet kazanmak için linke tıklayın.,spam
Sadece bugün geçerli fırsat!,spam
"Tebrikler! telefon kazandınız, hemen tıklayın.",spam
Acil! Hesabınızı doğrulayın.,spam
Kazandınız! Ödülünüzü almak için linke tıklayın.,spam
"Şimdi başvur, büyük ödülü kazan.",spam
Kazandınız! Ödülünüzü almak için linke tıklayın.,spam
Sadece bugün geçerli fırsat!,spam
"Tebrikler! hediye çeki kazandınız, hemen tıklayın.",spam
Bedava tablet kazanmak için linke tıklayın.,spam
Acil! Hesabınızı doğrulayın.,spam
"Şimdi başvur, büyük ödülü kazan.",spam
"Hesabınız askıya alındı, bilgilerinizi giriniz.",spam
"Hesabınız askıya alındı, bilgilerinizi giriniz.",spam
"Tebrikler! büyük ödül kazandınız, hemen tıklayın.",spam
"Hesabınız askıya alındı, bilgilerinizi giriniz.",spam
Kazandınız! Ödülünüzü almak için linke tıklayın.,spam
Kazandınız! Ödülünüzü almak için linke tıklayın.,spam
Kazandınız! Ödülünüzü almak için linke tıklayın.,spam
"Şimdi başvur, büyük ödülü kazan.",spam
Sadece bugün geçerli fırsat!,spam
"Şimdi başvur, büyük ödülü kazan.",spam
Bedava tablet kazanmak için linke tıklayın.,spam
Bedava telefon kazanmak için linke tıklayın.,spam
Bedava telefon kazanmak için linke tıklayın.,spam
"Şimdi başvur, büyük ödülü kazan.",spam
Bedava hediye kazanmak için linke tıklayın.,spam
Acil! Hesabınızı doğrulayın.,spam
"Şimdi başvur, büyük ödülü kazan.",spam
Kazandınız! Ödülünüzü almak için linke tıklayın.,spam
"Hesabınız askıya alındı, bilgilerinizi giriniz.",spam
Kazandınız! Ödülünüzü almak için linke tıklayın.,spam
"Hesabınız askıya alındı, bilgilerinizi giriniz.",spam
"Hesabınız askıya alındı, bilgilerinizi giriniz.",spam
"Tebrikler! hediye çeki kazandınız, hemen tıklayın.",spam
Kazandınız! Ödülünüzü almak için linke tıklayın.,spam
Son şans! Büyük indirim fırsatını kaçırmayın.,spam
Kazandınız! Ödülünüzü almak için linke tıklayın.,spam
Sadece bugün geçerli fırsat!,spam
"Şimdi başvur, büyük ödülü kazan.",spam
"Hesabınız askıya alındı, bilgilerinizi giriniz.",spam
Ücretsiz hediye sizi bekliyor.,spam
Ücretsiz hediye sizi bekliyor.,spam
Sadece bugün geçerli fırsat!,spam
Acil! Hesabınızı doğrulayın.,spam
100.000 TL kredi hemen hesabınıza.,spam
"Tebrikler! büyük ödül kazandınız, hemen tıklayın.",spam
Sadece bugün geçerli fırsat!,spam
Ücretsiz hediye sizi bekliyor.,spam
Ücretsiz hediye sizi bekliyor.,spam
Kazandınız! Ödülünüzü almak için linke tıklayın.,spam
50.000 TL kredi hemen hesabınıza.,spam
Ücretsiz hediye sizi bekliyor.,spam
"Tebrikler! telefon kazandınız, hemen tıklayın.",spam
Ücretsiz hediye sizi bekliyor.,spam
Sadece bugün geçerli fırsat!,spam
